Date,Start (ET),Visitor,Visitor PTS,Home,Home PTS,,,Attend.,Notes
Tue Oct 16 2018,8:00p,PHI,87,BOS,105,Box Score,,18624,
Tue Oct 16 2018,10:30p,OKC,100,GSW,108,Box Score,,19596,
Wed Oct 17 2018,7:00p,MIL,113,CHO,112,Box Score,,17889,
Wed Oct 17 2018,7:00p,BRK,100,DET,103,Box Score,,20332,
Wed Oct 17 2018,7:00p,MEM,83,IND,111,Box Score,,17923,
Wed Oct 17 2018,7:00p,MIA,101,ORL,104,Box Score,,19191,
Wed Oct 17 2018,7:30p,ATL,107,NYK,126,Box Score,,18249,
Wed Oct 17 2018,7:30p,CLE,104,TOR,116,Box Score,,19915,
Wed Oct 17 2018,8:00p,NOP,131,HOU,112,Box Score,,18055,
Wed Oct 17 2018,8:30p,MIN,108,SAS,112,Box Score,,18354,
Wed Oct 17 2018,10:00p,UTA,123,SAC,117,Box Score,,17583,
Wed Oct 17 2018,10:30p,DEN,107,LAC,98,Box Score,,19068,
Wed Oct 17 2018,10:30p,DAL,100,PHO,121,Box Score,,18055,
Thu Oct 18 2018,8:00p,CHI,108,PHI,127,Box Score,,20302,
Thu Oct 18 2018,8:00p,MIA,113,WAS,112,Box Score,,20409,
Thu Oct 18 2018,10:30p,LAL,119,POR,128,Box Score,,19996,
Fri Oct 19 2018,7:00p,CHO,120,ORL,88,Box Score,,17668,
Fri Oct 19 2018,7:30p,NYK,105,BRK,107,Box Score,,17732,
Fri Oct 19 2018,8:00p,ATL,117,MEM,131,Box Score,,17019,
Fri Oct 19 2018,8:00p,CLE,123,MIN,131,Box Score,,18978,
Fri Oct 19 2018,8:00p,SAC,129,NOP,149,Box Score,,18337,
Fri Oct 19 2018,8:00p,BOS,101,TOR,113,Box Score,,19800,
Fri Oct 19 2018,8:30p,IND,101,MIL,118,Box Score,,17341,
Fri Oct 19 2018,10:30p,OKC,92,LAC,108,Box Score,,14816,
Fri Oct 19 2018,10:30p,GSW,124,UTA,123,Box Score,,18306,
Sat Oct 20 2018,7:00p,BRK,112,IND,132,Box Score,,17007,
Sat Oct 20 2018,7:00p,TOR,117,WAS,113,Box Score,,16185,
Sat Oct 20 2018,7:30p,BOS,103,NYK,101,Box Score,,19427,
Sat Oct 20 2018,7:30p,ORL,115,PHI,116,Box Score,,20300,
Sat Oct 20 2018,8:00p,DET,118,CHI,116,Box Score,,21289,
Sat Oct 20 2018,8:00p,CHO,113,MIA,112,Box Score,,19600,
Sat Oct 20 2018,8:30p,MIN,136,DAL,140,Box Score,,20205,
Sat Oct 20 2018,9:00p,PHO,91,DEN,119,Box Score,,19592,
Sat Oct 20 2018,10:00p,SAS,108,POR,121,Box Score,,19461,
Sat Oct 20 2018,10:30p,HOU,124,LAL,115,Box Score,,18997,
Sun Oct 21 2018,6:00p,ATL,133,CLE,111,Box Score,,19432,
Sun Oct 21 2018,7:00p,SAC,131,OKC,120,Box Score,,18203,
Sun Oct 21 2018,8:00p,GSW,98,DEN,100,Box Score,,19520,
Sun Oct 21 2018,9:00p,HOU,112,LAC,115,Box Score,,16149,
Mon Oct 22 2018,7:30p,ORL,93,BOS,90,Box Score,,18624,
Mon Oct 22 2018,7:30p,CHO,106,TOR,127,Box Score,,19800,
Mon Oct 22 2018,8:00p,NYK,113,MIL,124,Box Score,,16228,
Mon Oct 22 2018,8:00p,IND,91,MIN,101,Box Score,,10371,
Mon Oct 22 2018,8:30p,CHI,109,DAL,115,Box Score,,19291,
Mon Oct 22 2018,9:00p,MEM,92,UTA,84,Box Score,,18306,
Mon Oct 22 2018,10:00p,WAS,125,POR,124,Box Score,OT,19187,
Mon Oct 22 2018,10:30p,PHO,103,GSW,123,Box Score,,19596,
Mon Oct 22 2018,10:30p,SAS,143,LAL,142,Box Score,OT,18997,
Tue Oct 23 2018,7:00p,PHI,132,DET,133,Box Score,OT,14418,
Tue Oct 23 2018,8:00p,LAC,109,NOP,116,Box Score,,14625,
Tue Oct 23 2018,9:00p,SAC,112,DEN,126,Box Score,,13214,
Wed Oct 24 2018,7:00p,DAL,104,ATL,111,Box Score,,16705,
Wed Oct 24 2018,7:00p,BRK,102,CLE,86,Box Score,,19432,
Wed Oct 24 2018,7:30p,NYK,87,MIA,110,Box Score,,19600,
Wed Oct 24 2018,7:30p,MIN,105,TOR,112,Box Score,,19800,
Wed Oct 24 2018,8:00p,CHO,110,CHI,112,Box Score,,19170,
Wed Oct 24 2018,8:00p,UTA,100,HOU,89,Box Score,,18055,
Wed Oct 24 2018,8:30p,IND,116,SAS,96,Box Score,,18354,
Wed Oct 24 2018,9:30p,PHI,108,MIL,123,Box Score,,17341,
Wed Oct 24 2018,10:00p,LAL,131,PHO,113,Box Score,,18055,
Wed Oct 24 2018,10:00p,MEM,92,SAC,97,Box Score,,14198,
Wed Oct 24 2018,10:30p,WAS,122,GSW,144,Box Score,,19596,
Thu Oct 25 2018,7:00p,CLE,103,DET,110,Box Score,,15896,
Thu Oct 25 2018,7:00p,POR,128,ORL,114,Box Score,,15114,
Thu Oct 25 2018,8:00p,BOS,101,OKC,95,Box Score,,18203,
Thu Oct 25 2018,10:30p,DEN,114,LAL,121,Box Score,,18997,
Fri Oct 26 2018,7:00p,CHI,106,CHO,135,Box Score,,15220,
Fri Oct 26 2018,7:30p,GSW,128,NYK,100,Box Score,,19812,
Fri Oct 26 2018,7:30p,DAL,107,TOR,116,Box Score,,19800,
Fri Oct 26 2018,8:00p,LAC,133,HOU,113,Box Score,,18055,
Fri Oct 26 2018,8:00p,MIL,125,MIN,95,Box Score,,16334,
Fri Oct 26 2018,8:00p,BRK,115,NOP,117,Box Score,,15272,
Fri Oct 26 2018,10:00p,WAS,112,SAC,116,Box Score,,14101,
Sat Oct 27 2018,7:00p,BOS,109,DET,89,Box Score,,18120,
Sat Oct 27 2018,7:00p,UTA,132,NOP,111,Box Score,,16373,
Sat Oct 27 2018,7:30p,CHI,97,ATL,85,Box Score,,15549,
Sat Oct 27 2018,7:30p,IND,119,CLE,107,Box Score,,19432,
Sat Oct 27 2018,7:30p,CHO,103,PHI,105,Box Score,,20203,
Sat Oct 27 2018,8:00p,PHO,96,MEM,117,Box Score,,15926,
Sat Oct 27 2018,8:00p,POR,111,MIA,120,Box Score,,19600,
Sat Oct 27 2018,8:30p,ORL,91,MIL,113,Box Score,,17341,
Sat Oct 27 2018,8:30p,LAL,106,SAS,110,Box Score,,18589,
Sun Oct 28 2018,5:00p,GSW,120,BRK,114,Box Score,,17732,
Sun Oct 28 2018,7:00p,UTA,113,DAL,104,Box Score,,19571,
Sun Oct 28 2018,7:00p,PHO,110,OKC,117,Box Score,,18203,
Sun Oct 28 2018,9:30p,WAS,104,LAC,136,Box Score,,16491,
Mon Oct 29 2018,7:00p,POR,103,IND,93,Box Score,,15788,
Mon Oct 29 2018,7:00p,ATL,92,PHI,113,Box Score,,20269,
Mon Oct 29 2018,7:30p,SAC,123,MIA,113,Box Score,,19600,
Mon Oct 29 2018,7:30p,BRK,96,NYK,115,Box Score,,19221,
Mon Oct 29 2018,8:00p,GSW,149,CHI,124,Box Score,,21076,
Mon Oct 29 2018,8:00p,TOR,109,MIL,124,Box Score,,17341,
Mon Oct 29 2018,8:00p,LAL,120,MIN,124,Box Score,,18978,
Mon Oct 29 2018,8:30p,DAL,108,SAS,113,Box Score,OT,18354,
Mon Oct 29 2018,9:00p,NOP,111,DEN,116,Box Score,,15217,
Tue Oct 30 2018,7:00p,MIA,113,CHO,125,Box Score,,14117,
Tue Oct 30 2018,7:00p,ATL,114,CLE,136,Box Score,,19432,
Tue Oct 30 2018,7:00p,SAC,107,ORL,99,Box Score,,15074,
Tue Oct 30 2018,7:30p,DET,105,BOS,108,Box Score,,18624,
Tue Oct 30 2018,7:30p,PHI,112,TOR,129,Box Score,,19800,
Tue Oct 30 2018,8:00p,POR,104,HOU,85,Box Score,,18055,
Tue Oct 30 2018,8:00p,WAS,95,MEM,107,Box Score,,14106,
Tue Oct 30 2018,8:00p,LAC,110,OKC,128,Box Score,,18203,
Wed Oct 31 2018,7:30p,DET,119,BRK,120,Box Score,OT,12862,
Wed Oct 31 2018,8:00p,DEN,108,CHI,107,Box Score,OT,19027,
Wed Oct 31 2018,8:00p,UTA,125,MIN,128,Box Score,,10079,
Wed Oct 31 2018,8:00p,IND,107,NYK,101,Box Score,,18295,
Wed Oct 31 2018,10:30p,NOP,121,GSW,131,Box Score,,19596,
Wed Oct 31 2018,10:30p,DAL,113,LAL,114,Box Score,,18997,
Wed Oct 31 2018,10:30p,SAS,120,PHO,90,Box Score,,12328,
Thu Nov 1 2018,7:00p,OKC,111,CHO,107,Box Score,,14583,
Thu Nov 1 2018,7:00p,DEN,110,CLE,91,Box Score,,19432,
Thu Nov 1 2018,7:00p,LAC,113,PHI,122,Box Score,,20246,
Thu Nov 1 2018,7:30p,SAC,146,ATL,115,Box Score,,12095,
Thu Nov 1 2018,8:00p,MIL,113,BOS,117,Box Score,,18624,
Thu Nov 1 2018,10:30p,NOP,119,POR,132,Box Score,,18921,
Fri Nov 2 2018,7:00p,LAC,120,ORL,95,Box Score,,15953,
Fri Nov 2 2018,7:30p,HOU,119,BRK,111,Box Score,,14013,
Fri Nov 2 2018,8:00p,IND,107,CHI,105,Box Score,,19704,
Fri Nov 2 2018,8:00p,OKC,134,WAS,111,Box Score,,20409,
Fri Nov 2 2018,8:30p,NYK,118,DAL,106,Box Score,,20008,
Fri Nov 2 2018,9:00p,MEM,110,UTA,100,Box Score,,18306,
Fri Nov 2 2018,10:00p,TOR,107,PHO,98,Box Score,,15843,
Fri Nov 2 2018,10:30p,MIN,99,GSW,116,Box Score,,19596,
Sat Nov 3 2018,1:00p,DET,99,PHI,109,Box Score,,20289,
Sat Nov 3 2018,7:00p,CLE,94,CHO,126,Box Score,,16221,
Sat Nov 3 2018,7:00p,BOS,101,IND,102,Box Score,,17505,
Sat Nov 3 2018,7:30p,MIA,118,ATL,123,Box Score,,16303,
Sat Nov 3 2018,8:00p,HOU,96,CHI,88,Box Score,,20505,
Sat Nov 3 2018,8:30p,NOP,95,SAS,109,Box Score,,18354,
Sat Nov 3 2018,9:00p,UTA,88,DEN,103,Box Score,,19520,
Sat Nov 3 2018,10:00p,LAL,114,POR,110,Box Score,,19848,
Sun Nov 4 2018,3:30p,SAC,109,MIL,144,Box Score,,17341,
Sun Nov 4 2018,6:00p,PHI,97,BRK,122,Box Score,,12826,
Sun Nov 4 2018,6:00p,NYK,95,WAS,108,Box Score,,16679,
Sun Nov 4 2018,7:00p,ORL,117,SAS,110,Box Score,,18354,
Sun Nov 4 2018,8:00p,MEM,100,PHO,102,Box Score,,13074,
Sun Nov 4 2018,9:00p,MIN,81,POR,111,Box Score,,19522,
Sun Nov 4 2018,9:30p,TOR,121,LAL,107,Box Score,,18997,
Mon Nov 5 2018,7:00p,MIA,120,DET,115,Box Score,OT,14148,
Mon Nov 5 2018,7:00p,HOU,98,IND,94,Box Score,,14735,
Mon Nov 5 2018,7:00p,CLE,100,ORL,102,Box Score,,15009,
Mon Nov 5 2018,7:30p,CHI,116,NYK,115,Box Score,2OT,19812,
Mon Nov 5 2018,8:00p,NOP,116,OKC,122,Box Score,,18203,
Mon Nov 5 2018,9:00p,BOS,107,DEN,115,Box Score,,19520,
Mon Nov 5 2018,9:00p,TOR,124,UTA,111,Box Score,,18306,
Mon Nov 5 2018,10:30p,MEM,101,GSW,117,Box Score,,19596,
Mon Nov 5 2018,10:30p,MIN,109,LAC,120,Box Score,,16564,
Tue Nov 6 2018,7:00p,ATL,102,CHO,113,Box Score,,13955,
Tue Nov 6 2018,8:30p,WAS,100,DAL,119,Box Score,,19234,
Tue Nov 6 2018,9:00p,BRK,104,PHO,82,Box Score,,14205,
Tue Nov 6 2018,10:00p,MIL,103,POR,118,Box Score,,19512,
Wed Nov 7 2018,7:00p,OKC,95,CLE,86,Box Score,,19432,
Wed Nov 7 2018,7:00p,DET,103,ORL,96,Box Score,,16103,
Wed Nov 7 2018,7:30p,NYK,112,ATL,107,Box Score,,12412,
Wed Nov 7 2018,7:30p,SAS,88,MIA,95,Box Score,,19600,
Wed Nov 7 2018,8:00p,PHI,100,IND,94,Box Score,,16434,
Wed Nov 7 2018,8:00p,DEN,87,MEM,89,Box Score,,15832,
Wed Nov 7 2018,8:00p,CHI,98,NOP,107,Box Score,,15514,
Wed Nov 7 2018,9:00p,DAL,102,UTA,117,Box Score,,18306,
Wed Nov 7 2018,10:00p,TOR,114,SAC,105,Box Score,,17583,
Wed Nov 7 2018,10:30p,MIN,110,LAL,114,Box Score,,18997,
Thu Nov 8 2018,8:00p,HOU,80,OKC,98,Box Score,,18203,
Thu Nov 8 2018,9:00p,BOS,116,PHO,109,Box Score,OT,17359,
Thu Nov 8 2018,10:00p,LAC,105,POR,116,Box Score,,19170,
Thu Nov 8 2018,10:30p,MIL,134,GSW,111,Box Score,,19596,
Fri Nov 9 2018,7:00p,WAS,108,ORL,117,Box Score,,16562,
Fri Nov 9 2018,7:00p,CHO,132,PHI,133,Box Score,OT,20424,
Fri Nov 9 2018,7:30p,DET,124,ATL,109,Box Score,,14759,
Fri Nov 9 2018,8:00p,IND,110,MIA,102,Box Score,,19600,
Fri Nov 9 2018,9:00p,BRK,112,DEN,110,Box Score,,19520,
Fri Nov 9 2018,9:30p,BOS,115,UTA,123,Box Score,,18306,
Fri Nov 9 2018,10:00p,MIN,110,SAC,121,Box Score,,17583,
Sat Nov 10 2018,3:00p,NYK,112,TOR,128,Box Score,,19800,
Sat Nov 10 2018,3:30p,MIL,126,LAC,128,Box Score,OT,17486,
Sat Nov 10 2018,7:00p,PHO,99,NOP,119,Box Score,,15222,
Sat Nov 10 2018,8:00p,CLE,98,CHI,99,Box Score,,21506,
Sat Nov 10 2018,8:00p,PHI,106,MEM,112,Box Score,OT,16904,
Sat Nov 10 2018,8:00p,WAS,116,MIA,110,Box Score,,19600,
Sat Nov 10 2018,8:30p,BRK,100,GSW,116,Box Score,,19596,
Sat Nov 10 2018,8:30p,HOU,89,SAS,96,Box Score,,18354,
Sat Nov 10 2018,9:00p,OKC,96,DAL,111,Box Score,,19818,
Sat Nov 10 2018,10:00p,LAL,101,SAC,86,Box Score,,17583,
Sun Nov 11 2018,3:30p,CHO,113,DET,103,Box Score,,15133,
Sun Nov 11 2018,7:00p,IND,103,HOU,115,Box Score,,18055,
Sun Nov 11 2018,7:30p,ORL,115,NYK,89,Box Score,,19812,
Sun Nov 11 2018,8:00p,MIL,121,DEN,114,Box Score,,19520,
Sun Nov 11 2018,9:00p,BOS,94,POR,100,Box Score,,19712,
Sun Nov 11 2018,9:30p,ATL,106,LAL,107,Box Score,,18997,
Mon Nov 12 2018,7:00p,ORL,109,WAS,117,Box Score,,15346,
Mon Nov 12 2018,7:30p,PHI,124,MIA,114,Box Score,,19600,
Mon Nov 12 2018,7:30p,NOP,126,TOR,110,Box Score,,19800,
Mon Nov 12 2018,8:00p,DAL,103,CHI,98,Box Score,,19012,
Mon Nov 12 2018,8:00p,UTA,96,MEM,88,Box Score,,13477,
Mon Nov 12 2018,8:00p,BRK,113,MIN,120,Box Score,,10186,
Mon Nov 12 2018,8:00p,PHO,101,OKC,118,Box Score,,18203,
Mon Nov 12 2018,10:00p,SAS,99,SAC,104,Box Score,,15500,
Mon Nov 12 2018,10:30p,GSW,116,LAC,121,Box Score,OT,19068,
Tue Nov 13 2018,7:00p,CHO,89,CLE,113,Box Score,,19432,
Tue Nov 13 2018,9:00p,HOU,109,DEN,99,Box Score,,16741,
Tue Nov 13 2018,10:30p,ATL,103,GSW,110,Box Score,,19596,
Wed Nov 14 2018,7:00p,PHI,106,ORL,111,Box Score,,15921,
Wed Nov 14 2018,7:00p,CLE,95,WAS,119,Box Score,,14537,
Wed Nov 14 2018,7:30p,CHI,82,BOS,111,Box Score,,18624,
Wed Nov 14 2018,7:30p,MIA,120,BRK,107,Box Score,,13317,
Wed Nov 14 2018,7:30p,DET,106,TOR,104,Box Score,,19800,
Wed Nov 14 2018,8:00p,MEM,116,MIL,113,Box Score,,16817,
Wed Nov 14 2018,8:00p,NOP,100,MIN,107,Box Score,,11636,
Wed Nov 14 2018,8:00p,NYK,103,OKC,128,Box Score,,18203,
Wed Nov 14 2018,8:30p,UTA,68,DAL,118,Box Score,,19371,
Wed Nov 14 2018,9:00p,SAS,96,PHO,116,Box Score,,14532,
Wed Nov 14 2018,10:30p,POR,117,LAL,126,Box Score,,18997,
Thu Nov 15 2018,8:00p,GSW,86,HOU,107,Box Score,,18055,
Thu Nov 15 2018,9:00p,ATL,93,DEN,138,Box Score,,15103,
Thu Nov 15 2018,10:30p,SAS,111,LAC,116,Box Score,,17463,
Fri Nov 16 2018,7:00p,TOR,116,BOS,123,Box Score,OT,18624,
Fri Nov 16 2018,7:00p,MIA,91,IND,99,Box Score,,17923,
Fri Nov 16 2018,7:00p,UTA,107,PHI,113,Box Score,,20485,
Fri Nov 16 2018,7:00p,BRK,115,WAS,104,Box Score,,15102,
Fri Nov 16 2018,8:00p,SAC,104,MEM,112,Box Score,,13811,
Fri Nov 16 2018,8:00p,POR,96,MIN,112,Box Score,,18978,
Fri Nov 16 2018,8:00p,NYK,124,NOP,129,Box Score,,14717,
Fri Nov 16 2018,9:30p,CHI,104,MIL,123,Box Score,,17341,
Sat Nov 17 2018,6:00p,LAC,127,BRK,119,Box Score,,12944,
Sat Nov 17 2018,7:00p,PHI,122,CHO,119,Box Score,OT,19426,
Sat Nov 17 2018,7:00p,ATL,89,IND,97,Box Score,,17491,
Sat Nov 17 2018,7:00p,DEN,115,NOP,125,Box Score,,15408,
Sat Nov 17 2018,7:00p,LAL,117,ORL,130,Box Score,,19249,
Sat Nov 17 2018,7:30p,UTA,98,BOS,86,Box Score,,18624,
Sat Nov 17 2018,8:00p,TOR,122,CHI,83,Box Score,,21263,
Sat Nov 17 2018,8:00p,SAC,112,HOU,132,Box Score,,18055,
Sat Nov 17 2018,8:30p,GSW,109,DAL,112,Box Score,,20260,
Sat Nov 17 2018,9:00p,OKC,110,PHO,100,Box Score,,16376,
Sun Nov 18 2018,3:30p,MEM,100,MIN,87,Box Score,,13179,
Sun Nov 18 2018,6:00p,LAL,113,MIA,97,Box Score,,19686,
Sun Nov 18 2018,6:00p,NYK,117,ORL,131,Box Score,,15898,
Sun Nov 18 2018,6:00p,POR,119,WAS,109,Box Score,,16647,
Sun Nov 18 2018,7:00p,GSW,92,SAS,104,Box Score,,18354,
Mon Nov 19 2018,7:00p,BOS,112,CHO,117,Box Score,,18040,
Mon Nov 19 2018,7:00p,CLE,102,DET,113,Box Score,,15769,
Mon Nov 19 2018,7:00p,UTA,94,IND,121,Box Score,,17000,
Mon Nov 19 2018,7:00p,PHO,114,PHI,119,Box Score,,20459,
Mon Nov 19 2018,7:30p,LAC,127,ATL,119,Box Score,,14323,
Mon Nov 19 2018,8:00p,DAL,88,MEM,98,Box Score,,15997,
Mon Nov 19 2018,8:00p,DEN,98,MIL,104,Box Score,,17341,
Mon Nov 19 2018,8:00p,SAS,126,NOP,140,Box Score,,14675,
Mon Nov 19 2018,10:00p,OKC,113,SAC,117,Box Score,,16250,
Tue Nov 20 2018,7:00p,TOR,93,ORL,91,Box Score,,16016,
Tue Nov 20 2018,7:00p,LAC,118,WAS,125,Box Score,,14499,
Tue Nov 20 2018,7:30p,BRK,104,MIA,92,Box Score,,19600,
Tue Nov 20 2018,7:30p,POR,118,NYK,114,Box Score,,19812,
Wed Nov 21 2018,7:00p,IND,109,CHO,127,Box Score,,15913,
Wed Nov 21 2018,7:00p,NOP,120,PHI,121,Box Score,,20352,
Wed Nov 21 2018,7:30p,TOR,124,ATL,108,Box Score,,15058,
Wed Nov 21 2018,7:30p,NYK,117,BOS,109,Box Score,,18624,
Wed Nov 21 2018,8:00p,PHO,116,CHI,124,Box Score,,19014,
Wed Nov 21 2018,8:00p,LAL,109,CLE,105,Box Score,,19432,
Wed Nov 21 2018,8:00p,DET,124,HOU,126,Box Score,,18055,
Wed Nov 21 2018,8:00p,POR,100,MIL,143,Box Score,,17591,
Wed Nov 21 2018,8:00p,DEN,103,MIN,101,Box Score,,15086,
Wed Nov 21 2018,8:30p,BRK,113,DAL,119,Box Score,,19926,
Wed Nov 21 2018,8:30p,MEM,104,SAS,103,Box Score,,18354,
Wed Nov 21 2018,9:00p,SAC,119,UTA,110,Box Score,,18306,
Wed Nov 21 2018,10:30p,OKC,123,GSW,95,Box Score,,19596,
Fri Nov 23 2018,12:00p,MIN,112,BRK,102,Box Score,,12814,
Fri Nov 23 2018,3:30p,MEM,107,LAC,112,Box Score,OT,15418,
Fri Nov 23 2018,7:00p,HOU,111,DET,116,Box Score,OT,17268,
Fri Nov 23 2018,7:30p,BOS,114,ATL,96,Box Score,,15017,
Fri Nov 23 2018,7:30p,NOP,109,NYK,114,Box Score,,18948,
Fri Nov 23 2018,7:30p,CLE,121,PHI,112,Box Score,,20524,
Fri Nov 23 2018,7:30p,WAS,107,TOR,125,Box Score,,19800,
Fri Nov 23 2018,8:00p,MIA,103,CHI,96,Box Score,,20935,
Fri Nov 23 2018,8:00p,SAS,111,IND,100,Box Score,,17262,
Fri Nov 23 2018,8:00p,CHO,104,OKC,109,Box Score,,18203,
Fri Nov 23 2018,8:30p,PHO,116,MIL,114,Box Score,,17852,
Fri Nov 23 2018,9:00p,ORL,87,DEN,112,Box Score,,19520,
Fri Nov 23 2018,10:30p,POR,97,GSW,125,Box Score,,19596,
Fri Nov 23 2018,10:30p,UTA,83,LAL,90,Box Score,,18997,
Sat Nov 24 2018,7:30p,HOU,108,CLE,117,Box Score,,19432,
Sat Nov 24 2018,8:00p,CHI,96,MIN,111,Box Score,,17119,
Sat Nov 24 2018,8:00p,DEN,105,OKC,98,Box Score,,18203,
Sat Nov 24 2018,8:00p,NOP,114,WAS,124,Box Score,,15165,
Sat Nov 24 2018,8:30p,BOS,104,DAL,113,Box Score,,20226,
Sat Nov 24 2018,8:30p,SAC,116,GSW,117,Box Score,,19596,
Sat Nov 24 2018,8:30p,SAS,129,MIL,135,Box Score,,17559,
Sun Nov 25 2018,3:30p,ORL,108,LAL,104,Box Score,,18997,
Sun Nov 25 2018,4:00p,PHO,107,DET,118,Box Score,,14413,
Sun Nov 25 2018,6:00p,CHO,123,ATL,124,Box Score,,12977,
Sun Nov 25 2018,6:00p,PHI,127,BRK,125,Box Score,,15217,
Sun Nov 25 2018,6:00p,NYK,103,MEM,98,Box Score,,14331,
Sun Nov 25 2018,6:00p,MIA,115,TOR,125,Box Score,,19800,
Sun Nov 25 2018,8:00p,UTA,133,SAC,112,Box Score,,16048,
Sun Nov 25 2018,9:00p,LAC,104,POR,100,Box Score,,19138,
Mon Nov 26 2018,7:00p,MIL,107,CHO,110,Box Score,,13805,
Mon Nov 26 2018,7:00p,MIN,102,CLE,95,Box Score,,19432,
Mon Nov 26 2018,7:00p,HOU,131,WAS,135,Box Score,OT,16872,
Mon Nov 26 2018,8:00p,SAS,108,CHI,107,Box Score,,19006,
Mon Nov 26 2018,8:00p,BOS,124,NOP,107,Box Score,,15189,
Mon Nov 26 2018,9:00p,IND,121,UTA,88,Box Score,,18306,
Mon Nov 26 2018,10:30p,ORL,110,GSW,116,Box Score,,19596,
Tue Nov 27 2018,7:00p,NYK,108,DET,115,Box Score,,13935,
Tue Nov 27 2018,7:30p,ATL,115,MIA,113,Box Score,,19600,
Tue Nov 27 2018,8:00p,TOR,122,MEM,114,Box Score,,14187,
Tue Nov 27 2018,9:00p,LAL,85,DEN,117,Box Score,,19583,
Tue Nov 27 2018,9:00p,IND,109,PHO,104,Box Score,,13038,
Wed Nov 28 2018,7:00p,ATL,94,CHO,108,Box Score,,12971,
Wed Nov 28 2018,7:00p,NYK,91,PHI,117,Box Score,,20274,
Wed Nov 28 2018,7:30p,UTA,101,BRK,91,Box Score,,12928,
Wed Nov 28 2018,8:00p,DAL,128,HOU,108,Box Score,,18055,
Wed Nov 28 2018,8:00p,CHI,113,MIL,116,Box Score,,16660,
Wed Nov 28 2018,8:00p,SAS,89,MIN,128,Box Score,,11023,
Wed Nov 28 2018,8:00p,WAS,104,NOP,125,Box Score,,13570,
Wed Nov 28 2018,8:00p,CLE,83,OKC,100,Box Score,,18203,
Wed Nov 28 2018,10:00p,ORL,112,POR,115,Box Score,,18865,
Wed Nov 28 2018,10:30p,PHO,99,LAC,115,Box Score,,16372,
Thu Nov 29 2018,8:00p,GSW,128,TOR,131,Box Score,OT,20073,
Thu Nov 29 2018,10:30p,IND,96,LAL,104,Box Score,,18997,
Thu Nov 29 2018,10:30p,LAC,133,SAC,121,Box Score,,17583,
Fri Nov 30 2018,7:00p,CLE,95,BOS,128,Box Score,,18624,
Fri Nov 30 2018,7:00p,UTA,119,CHO,111,Box Score,,15812,
Fri Nov 30 2018,7:00p,CHI,88,DET,107,Box Score,,15372,
Fri Nov 30 2018,7:00p,WAS,98,PHI,123,Box Score,,20400,
Fri Nov 30 2018,7:30p,MEM,131,BRK,125,Box Score,2OT,12983,
Fri Nov 30 2018,8:00p,NOP,101,MIA,106,Box Score,,19600,
Fri Nov 30 2018,8:00p,ATL,109,OKC,124,Box Score,,18203,
Fri Nov 30 2018,8:00p,HOU,136,SAS,105,Box Score,,18354,
Fri Nov 30 2018,9:00p,ORL,99,PHO,85,Box Score,,13228,
Fri Nov 30 2018,10:30p,DAL,103,LAL,114,Box Score,,18997,
Fri Nov 30 2018,10:30p,DEN,113,POR,112,Box Score,,19459,
Sat Dec 1 2018,5:00p,MIL,134,NYK,136,Box Score,OT,19812,
Sat Dec 1 2018,7:00p,GSW,102,DET,111,Box Score,,20332,
Sat Dec 1 2018,7:00p,BRK,88,WAS,102,Box Score,,15448,
Sat Dec 1 2018,8:00p,TOR,106,CLE,95,Box Score,,19432,
Sat Dec 1 2018,8:00p,CHI,105,HOU,121,Box Score,,18055,
Sat Dec 1 2018,8:00p,BOS,118,MIN,109,Box Score,,17663,
Sat Dec 1 2018,10:00p,IND,110,SAC,111,Box Score,,17583,
Sun Dec 2 2018,3:30p,PHO,96,LAL,120,Box Score,,18997,
Sun Dec 2 2018,5:00p,NOP,119,CHO,109,Box Score,,15336,
Sun Dec 2 2018,6:00p,UTA,100,MIA,102,Box Score,,19600,
Sun Dec 2 2018,6:00p,MEM,95,PHI,103,Box Score,,20334,
Sun Dec 2 2018,7:00p,LAC,110,DAL,114,Box Score,,19551,
Sun Dec 2 2018,7:00p,POR,118,SAS,131,Box Score,,18354,
Mon Dec 3 2018,7:00p,OKC,110,DET,83,Box Score,,14372,
Mon Dec 3 2018,7:30p,GSW,128,ATL,111,Box Score,,16631,
Mon Dec 3 2018,7:30p,CLE,99,BRK,97,Box Score,,10983,
Mon Dec 3 2018,7:30p,WAS,110,NYK,107,Box Score,,19440,
Mon Dec 3 2018,7:30p,DEN,106,TOR,103,Box Score,,19800,
Mon Dec 3 2018,8:00p,HOU,91,MIN,103,Box Score,,13834,
Mon Dec 3 2018,8:00p,LAC,129,NOP,126,Box Score,,13822,
Tue Dec 4 2018,7:00p,CHI,90,IND,96,Box Score,,16446,
Tue Dec 4 2018,7:30p,ORL,105,MIA,90,Box Score,,19600,
Tue Dec 4 2018,8:30p,POR,102,DAL,111,Box Score,,19341,
Tue Dec 4 2018,9:00p,SAC,122,PHO,105,Box Score,,12977,
Tue Dec 4 2018,9:00p,SAS,105,UTA,139,Box Score,,18306,
Wed Dec 5 2018,7:00p,GSW,129,CLE,105,Box Score,,19432,
Wed Dec 5 2018,7:00p,DEN,124,ORL,118,Box Score,OT,16636,
Wed Dec 5 2018,7:30p,WAS,131,ATL,117,Box Score,,12551,
Wed Dec 5 2018,7:30p,OKC,114,BRK,112,Box Score,,13161,
Wed Dec 5 2018,8:00p,LAC,86,MEM,96,Box Score,,14144,
Wed Dec 5 2018,8:00p,DET,92,MIL,115,Box Score,,16541,
Wed Dec 5 2018,8:00p,CHO,104,MIN,121,Box Score,,11248,
Wed Dec 5 2018,8:00p,DAL,106,NOP,132,Box Score,,14810,
Wed Dec 5 2018,8:00p,PHI,102,TOR,113,Box Score,,19800,
Wed Dec 5 2018,10:30p,SAS,113,LAL,121,Box Score,,18997,
Thu Dec 6 2018,8:00p,NYK,100,BOS,128,Box Score,,18624,
Thu Dec 6 2018,10:00p,PHO,86,POR,108,Box Score,,19001,
Thu Dec 6 2018,10:30p,HOU,91,UTA,118,Box Score,,18306,
Fri Dec 7 2018,7:00p,DEN,107,CHO,113,Box Score,,13755,
Fri Dec 7 2018,7:00p,PHI,117,DET,111,Box Score,,15680,
Fri Dec 7 2018,7:00p,IND,112,ORL,90,Box Score,,17214,
Fri Dec 7 2018,7:30p,TOR,105,BRK,106,Box Score,OT,14035,
Fri Dec 7 2018,7:30p,SAC,129,CLE,110,Box Score,,19432,
Fri Dec 7 2018,8:00p,OKC,112,CHI,114,Box Score,,19842,
Fri Dec 7 2018,8:00p,MEM,107,NOP,103,Box Score,,18447,
Fri Dec 7 2018,8:30p,LAL,120,SAS,133,Box Score,,18354,
Fri Dec 7 2018,9:00p,MIA,115,PHO,98,Box Score,,14273,
Fri Dec 7 2018,9:30p,GSW,105,MIL,95,Box Score,,17852,
Sat Dec 8 2018,6:00p,HOU,104,DAL,107,Box Score,,20254,
Sat Dec 8 2018,7:00p,SAC,97,IND,107,Box Score,,16867,
Sat Dec 8 2018,7:30p,DEN,98,ATL,106,Box Score,,14409,
Sat Dec 8 2018,7:30p,WAS,101,CLE,116,Box Score,,19432,
Sat Dec 8 2018,7:30p,BRK,112,NYK,104,Box Score,,18662,
Sat Dec 8 2018,8:00p,BOS,133,CHI,77,Box Score,,20923,
Sat Dec 8 2018,8:00p,LAL,111,MEM,88,Box Score,,17794,
Sat Dec 8 2018,10:00p,MIN,105,POR,113,Box Score,,19359,
Sat Dec 8 2018,10:30p,MIA,121,LAC,98,Box Score,,17113,
Sun Dec 9 2018,3:30p,NOP,116,DET,108,Box Score,,14705,
Sun Dec 9 2018,6:00p,MIL,104,TOR,99,Box Score,,19800,
Sun Dec 9 2018,7:00p,UTA,97,SAS,110,Box Score,,17834,
Sun Dec 9 2018,7:30p,CHO,119,NYK,107,Box Score,,18602,
Mon Dec 10 2018,7:00p,WAS,101,IND,109,Box Score,,14645,
Mon Dec 10 2018,7:00p,DET,102,PHI,116,Box Score,,20199,
Mon Dec 10 2018,7:30p,NOP,100,BOS,113,Box Score,,18624,
Mon Dec 10 2018,8:00p,SAC,108,CHI,89,Box Score,,18164,
Mon Dec 10 2018,8:00p,CLE,92,MIL,108,Box Score,,17155,
Mon Dec 10 2018,8:00p,UTA,113,OKC,122,Box Score,,18203,
Mon Dec 10 2018,8:30p,ORL,76,DAL,101,Box Score,,19334,
Mon Dec 10 2018,9:00p,MEM,99,DEN,105,Box Score,,15278,
Mon Dec 10 2018,9:00p,LAC,123,PHO,119,Box Score,OT,12088,
Mon Dec 10 2018,10:30p,MIN,108,GSW,116,Box Score,,19596,
Mon Dec 10 2018,10:30p,MIA,105,LAL,108,Box Score,,18997,
Tue Dec 11 2018,8:00p,POR,104,HOU,111,Box Score,,18055,
Tue Dec 11 2018,8:30p,PHO,86,SAS,111,Box Score,,17676,
Tue Dec 11 2018,10:30p,TOR,123,LAC,99,Box Score,,17812,
Wed Dec 12 2018,7:00p,DET,107,CHO,108,Box Score,,13997,
Wed Dec 12 2018,7:00p,NYK,106,CLE,113,Box Score,,19432,
Wed Dec 12 2018,7:00p,MIL,97,IND,113,Box Score,,17070,
Wed Dec 12 2018,7:00p,BRK,127,PHI,124,Box Score,,20376,
Wed Dec 12 2018,7:00p,BOS,130,WAS,125,Box Score,OT,20409,
Wed Dec 12 2018,8:00p,POR,83,MEM,92,Box Score,,16282,
Wed Dec 12 2018,8:00p,OKC,114,NOP,118,Box Score,,14450,
Wed Dec 12 2018,8:30p,ATL,107,DAL,114,Box Score,,19643,
Wed Dec 12 2018,9:00p,MIA,84,UTA,111,Box Score,,18306,
Wed Dec 12 2018,10:00p,MIN,130,SAC,141,Box Score,,15770,
Wed Dec 12 2018,10:30p,TOR,113,GSW,93,Box Score,,19596,
Thu Dec 13 2018,8:00p,LAL,111,HOU,126,Box Score,,18055,
Thu Dec 13 2018,8:30p,LAC,87,SAS,125,Box Score,,18354,
Thu Dec 13 2018,9:30p,CHI,91,ORL,97,Box Score,,20201,at Mexico City Mexico
Thu Dec 13 2018,10:30p,DAL,89,PHO,99,Box Score,,13265,
Fri Dec 14 2018,7:00p,ATL,108,BOS,129,Box Score,,18624,
Fri Dec 14 2018,7:00p,NYK,126,CHO,124,Box Score,OT,17622,
Fri Dec 14 2018,7:30p,WAS,118,BRK,125,Box Score,,13232,
Fri Dec 14 2018,7:30p,MIL,114,CLE,102,Box Score,,19432,
Fri Dec 14 2018,7:30p,IND,113,PHI,101,Box Score,,20337,
Fri Dec 14 2018,8:00p,MIA,100,MEM,97,Box Score,,16313,
Fri Dec 14 2018,10:00p,OKC,98,DEN,109,Box Score,,19520,
Fri Dec 14 2018,10:00p,TOR,122,POR,128,Box Score,,19458,
Fri Dec 14 2018,10:00p,GSW,130,SAC,125,Box Score,,17583,
Sat Dec 15 2018,5:00p,UTA,89,ORL,96,Box Score,,20011,at Mexico City Mexico
Sat Dec 15 2018,7:00p,LAL,128,CHO,100,Box Score,,19641,
Sat Dec 15 2018,7:00p,BOS,104,DET,113,Box Score,,17078,
Sat Dec 15 2018,8:00p,HOU,105,MEM,97,Box Score,,16777,
Sat Dec 15 2018,8:30p,CHI,98,SAS,93,Box Score,,18354,
Sat Dec 15 2018,9:00p,LAC,104,OKC,110,Box Score,,18203,
Sat Dec 15 2018,9:00p,MIN,99,PHO,107,Box Score,,14244,
Sun Dec 16 2018,3:00p,ATL,127,BRK,144,Box Score,,13955,
Sun Dec 16 2018,3:30p,PHI,128,CLE,105,Box Score,,19432,
Sun Dec 16 2018,5:00p,NYK,99,IND,110,Box Score,,16646,
Sun Dec 16 2018,6:00p,LAL,110,WAS,128,Box Score,,20409,
Sun Dec 16 2018,7:00p,SAC,120,DAL,113,Box Score,,19935,
Sun Dec 16 2018,7:00p,MIA,102,NOP,96,Box Score,,15535,
Sun Dec 16 2018,8:00p,TOR,86,DEN,95,Box Score,,19520,
Mon Dec 17 2018,7:00p,MIL,107,DET,104,Box Score,,15051,
Mon Dec 17 2018,7:30p,PHO,128,NYK,110,Box Score,,18437,
Mon Dec 17 2018,8:00p,UTA,97,HOU,102,Box Score,,18055,
Mon Dec 17 2018,8:00p,SAC,105,MIN,132,Box Score,,12417,
Mon Dec 17 2018,8:00p,CHI,96,OKC,121,Box Score,,18203,
Mon Dec 17 2018,8:30p,PHI,96,SAS,123,Box Score,,17486,
Mon Dec 17 2018,10:30p,MEM,93,GSW,110,Box Score,,19596,
Mon Dec 17 2018,10:30p,POR,131,LAC,127,Box Score,,16030,
Tue Dec 18 2018,7:00p,CLE,92,IND,91,Box Score,,15630,
Tue Dec 18 2018,7:30p,WAS,110,ATL,118,Box Score,,16489,
Tue Dec 18 2018,7:30p,LAL,110,BRK,115,Box Score,,17732,
Tue Dec 18 2018,9:00p,DAL,118,DEN,126,Box Score,,15764,
Wed Dec 19 2018,7:00p,CLE,99,CHO,110,Box Score,,15179,
Wed Dec 19 2018,7:00p,SAS,129,ORL,90,Box Score,,17138,
Wed Dec 19 2018,7:00p,NYK,109,PHI,131,Box Score,,20424,
Wed Dec 19 2018,7:30p,PHO,111,BOS,103,Box Score,,18624,
Wed Dec 19 2018,7:30p,IND,96,TOR,99,Box Score,,19800,
Wed Dec 19 2018,8:00p,BRK,96,CHI,93,Box Score,,18065,
Wed Dec 19 2018,8:00p,WAS,118,HOU,136,Box Score,,18055,
Wed Dec 19 2018,8:00p,NOP,115,MIL,123,Box Score,,17341,
Wed Dec 19 2018,8:00p,DET,129,MIN,123,Box Score,OT,15883,
Wed Dec 19 2018,9:00p,GSW,103,UTA,108,Box Score,,18306,
Wed Dec 19 2018,10:00p,MEM,92,POR,99,Box Score,,19412,
Wed Dec 19 2018,10:00p,OKC,132,SAC,113,Box Score,,17583,
Thu Dec 20 2018,8:00p,HOU,99,MIA,101,Box Score,,19600,
Thu Dec 20 2018,10:30p,DAL,121,LAC,125,Box Score,,17528,
Fri Dec 21 2018,7:00p,DET,86,CHO,98,Box Score,,15812,
Fri Dec 21 2018,7:00p,CLE,110,TOR,126,Box Score,,19800,
Fri Dec 21 2018,7:30p,IND,114,BRK,106,Box Score,,13302,
Fri Dec 21 2018,7:30p,ATL,114,NYK,107,Box Score,,19080,
Fri Dec 21 2018,8:00p,MIL,120,BOS,107,Box Score,,18624,
Fri Dec 21 2018,8:00p,ORL,80,CHI,90,Box Score,,20436,
Fri Dec 21 2018,8:30p,MIN,98,SAS,124,Box Score,,17708,
Fri Dec 21 2018,10:00p,UTA,120,POR,90,Box Score,,19127,
Fri Dec 21 2018,10:00p,MEM,99,SAC,102,Box Score,,16369,
Fri Dec 21 2018,10:30p,NOP,104,LAL,112,Box Score,,18997,
Sat Dec 22 2018,5:00p,DEN,111,LAC,132,Box Score,,16571,
Sat Dec 22 2018,7:00p,PHO,146,WAS,149,Box Score,3OT,16571,
Sat Dec 22 2018,7:30p,TOR,101,PHI,126,Box Score,,20691,
Sat Dec 22 2018,8:00p,SAS,101,HOU,108,Box Score,,18055,
Sat Dec 22 2018,8:00p,MIL,87,MIA,94,Box Score,,19600,
Sat Dec 22 2018,8:30p,DAL,116,GSW,120,Box Score,,19596,
Sat Dec 22 2018,9:00p,OKC,107,UTA,106,Box Score,,18306,
Sun Dec 23 2018,4:00p,ATL,98,DET,95,Box Score,,16532,
Sun Dec 23 2018,5:00p,WAS,89,IND,105,Box Score,,17923,
Sun Dec 23 2018,6:00p,CHO,103,BOS,119,Box Score,,18624,
Sun Dec 23 2018,6:00p,PHO,103,BRK,111,Box Score,,15310,
Sun Dec 23 2018,6:00p,CHI,112,CLE,92,Box Score,,19432,
Sun Dec 23 2018,6:00p,MIA,115,ORL,91,Box Score,,18846,
Sun Dec 23 2018,6:00p,NOP,117,SAC,122,Box Score,,16643,
Sun Dec 23 2018,8:00p,MIN,114,OKC,112,Box Score,,18203,
Sun Dec 23 2018,8:30p,LAC,127,GSW,129,Box Score,,19596,
Sun Dec 23 2018,9:00p,DAL,118,POR,121,Box Score,OT,19707,
Sun Dec 23 2018,9:30p,MEM,107,LAL,99,Box Score,,18997,
Tue Dec 25 2018,12:00p,MIL,109,NYK,95,Box Score,,19812,
Tue Dec 25 2018,3:00p,OKC,109,HOU,113,Box Score,,18055,
Tue Dec 25 2018,5:30p,PHI,114,BOS,121,Box Score,OT,18624,
Tue Dec 25 2018,8:00p,LAL,127,GSW,101,Box Score,,19596,
Tue Dec 25 2018,10:30p,POR,96,UTA,117,Box Score,,18306,
Wed Dec 26 2018,7:00p,WAS,95,DET,106,Box Score,,17534,
Wed Dec 26 2018,7:00p,PHO,122,ORL,120,Box Score,OT,16755,
Wed Dec 26 2018,7:30p,IND,129,ATL,121,Box Score,,15026,
Wed Dec 26 2018,7:30p,CHO,132,BRK,134,Box Score,2OT,14309,
Wed Dec 26 2018,7:30p,TOR,106,MIA,104,Box Score,,19902,
Wed Dec 26 2018,8:00p,MIN,119,CHI,94,Box Score,,21852,
Wed Dec 26 2018,8:00p,CLE,87,MEM,95,Box Score,,16424,
Wed Dec 26 2018,8:30p,NOP,119,DAL,122,Box Score,,20340,
Wed Dec 26 2018,8:30p,DEN,103,SAS,111,Box Score,,18408,
Wed Dec 26 2018,10:30p,SAC,118,LAC,127,Box Score,,19068,
Thu Dec 27 2018,8:00p,BOS,113,HOU,127,Box Score,,18055,
Thu Dec 27 2018,8:00p,NYK,96,MIL,112,Box Score,,18058,
Thu Dec 27 2018,10:00p,LAL,116,SAC,117,Box Score,,17583,
Thu Dec 27 2018,10:30p,POR,110,GSW,109,Box Score,OT,19596,
Thu Dec 27 2018,10:30p,PHI,114,UTA,97,Box Score,,18306,
Fri Dec 28 2018,7:00p,BRK,87,CHO,100,Box Score,,19411,
Fri Dec 28 2018,7:00p,DET,88,IND,125,Box Score,,17923,
Fri Dec 28 2018,7:00p,TOR,87,ORL,116,Box Score,,18846,
Fri Dec 28 2018,7:00p,CHI,101,WAS,92,Box Score,,20409,
Fri Dec 28 2018,8:00p,CLE,94,MIA,118,Box Score,,19617,
Fri Dec 28 2018,8:00p,ATL,123,MIN,120,Box Score,OT,18978,
Fri Dec 28 2018,8:00p,DAL,112,NOP,114,Box Score,,18364,
Fri Dec 28 2018,9:00p,SAS,99,DEN,102,Box Score,,20076,
Fri Dec 28 2018,9:00p,OKC,118,PHO,102,Box Score,,18055,
Fri Dec 28 2018,10:30p,LAC,118,LAL,107,Box Score,,18997,
Sat Dec 29 2018,5:00p,BRK,115,MIL,129,Box Score,,17918,
Sat Dec 29 2018,7:00p,HOU,108,NOP,104,Box Score,,17555,
Sat Dec 29 2018,7:00p,CHO,126,WAS,130,Box Score,,17197,
Sat Dec 29 2018,7:30p,CLE,108,ATL,111,Box Score,,16460,
Sat Dec 29 2018,8:00p,BOS,112,MEM,103,Box Score,,17794,
Sat Dec 29 2018,8:00p,NYK,97,UTA,129,Box Score,,18306,
Sat Dec 29 2018,9:00p,DEN,122,PHO,118,Box Score,,14975,
Sat Dec 29 2018,10:00p,GSW,115,POR,105,Box Score,,19797,
Sat Dec 29 2018,10:30p,SAS,122,LAC,111,Box Score,,19068,
Sun Dec 30 2018,3:30p,DET,107,ORL,109,Box Score,,17761,
Sun Dec 30 2018,6:00p,MIN,113,MIA,104,Box Score,,19600,
Sun Dec 30 2018,6:00p,CHI,89,TOR,95,Box Score,,19800,
Sun Dec 30 2018,7:00p,OKC,103,DAL,105,Box Score,,20380,
Sun Dec 30 2018,9:00p,PHI,95,POR,129,Box Score,,19393,
Sun Dec 30 2018,9:30p,SAC,114,LAL,121,Box Score,,18997,
Mon Dec 31 2018,3:00p,ATL,108,IND,116,Box Score,,17923,
Mon Dec 31 2018,6:00p,ORL,100,CHO,125,Box Score,,14694,
Mon Dec 31 2018,7:00p,MEM,101,HOU,113,Box Score,,18055,
Mon Dec 31 2018,7:00p,BOS,111,SAS,120,Box Score,,18354,
Mon Dec 31 2018,8:00p,MIN,114,NOP,123,Box Score,,14904,
Mon Dec 31 2018,8:00p,DAL,102,OKC,122,Box Score,,18203,
Mon Dec 31 2018,9:00p,GSW,132,PHO,109,Box Score,,16906,
Tue Jan 1 2019,7:30p,UTA,116,TOR,122,Box Score,,19800,
Tue Jan 1 2019,8:00p,DET,98,MIL,121,Box Score,,17534,
Tue Jan 1 2019,9:00p,NYK,108,DEN,115,Box Score,,19520,
Tue Jan 1 2019,9:00p,POR,113,SAC,108,Box Score,OT,17583,
Tue Jan 1 2019,10:30p,PHI,119,LAC,113,Box Score,,17868,
Wed Jan 2 2019,7:00p,DAL,122,CHO,84,Box Score,,16955,
Wed Jan 2 2019,7:00p,MIA,117,CLE,92,Box Score,,19432,
Wed Jan 2 2019,7:00p,ATL,98,WAS,114,Box Score,,15324,
Wed Jan 2 2019,7:30p,NOP,121,BRK,126,Box Score,,16890,
Wed Jan 2 2019,8:00p,MIN,102,BOS,115,Box Score,,18624,
Wed Jan 2 2019,8:00p,ORL,112,CHI,84,Box Score,,19013,
Wed Jan 2 2019,8:00p,DET,101,MEM,94,Box Score,,14109,
Wed Jan 2 2019,9:00p,PHI,132,PHO,127,Box Score,,15226,
Wed Jan 2 2019,10:30p,OKC,107,LAL,100,Box Score,,18997,
Thu Jan 3 2019,8:00p,TOR,107,SAS,125,Box Score,,18354,
Thu Jan 3 2019,10:00p,DEN,117,SAC,113,Box Score,,17583,
Thu Jan 3 2019,10:30p,HOU,135,GSW,134,Box Score,OT,19596,
Fri Jan 4 2019,7:30p,UTA,117,CLE,91,Box Score,,19432,
Fri Jan 4 2019,8:00p,DAL,93,BOS,114,Box Score,,18624,
Fri Jan 4 2019,8:00p,IND,119,CHI,116,Box Score,OT,21284,
Fri Jan 4 2019,8:00p,BRK,109,MEM,100,Box Score,,16683,
Fri Jan 4 2019,8:00p,WAS,109,MIA,115,Box Score,,19600,
Fri Jan 4 2019,8:00p,ORL,103,MIN,120,Box Score,,14355,
Fri Jan 4 2019,8:30p,ATL,112,MIL,144,Box Score,,17632,
Fri Jan 4 2019,9:00p,LAC,121,PHO,111,Box Score,,14764,
Fri Jan 4 2019,10:30p,NYK,119,LAL,112,Box Score,,18997,
Fri Jan 4 2019,10:30p,OKC,111,POR,109,Box Score,,19393,
Sat Jan 5 2019,5:00p,CHO,110,DEN,123,Box Score,,19861,
Sat Jan 5 2019,7:00p,UTA,110,DET,105,Box Score,,17255,
Sat Jan 5 2019,7:30p,DAL,100,PHI,106,Box Score,,20656,
Sat Jan 5 2019,8:00p,NOP,133,CLE,98,Box Score,,19432,
Sat Jan 5 2019,8:30p,TOR,123,MIL,116,Box Score,,18028,
Sat Jan 5 2019,8:30p,MEM,88,SAS,108,Box Score,,18354,
Sat Jan 5 2019,10:00p,HOU,101,POR,110,Box Score,,19577,
Sat Jan 5 2019,10:00p,GSW,127,SAC,123,Box Score,,17583,
Sun Jan 6 2019,3:30p,BRK,117,CHI,100,Box Score,,19265,
Sun Jan 6 2019,3:30p,ORL,96,LAC,106,Box Score,,16616,
Sun Jan 6 2019,3:30p,LAL,86,MIN,108,Box Score,,18978,
Sun Jan 6 2019,6:00p,MIA,82,ATL,106,Box Score,,16630,
Sun Jan 6 2019,7:00p,WAS,116,OKC,98,Box Score,,18203,
Sun Jan 6 2019,7:30p,IND,105,TOR,121,Box Score,,19800,
Sun Jan 6 2019,8:00p,CHO,119,PHO,113,Box Score,,13110,
Mon Jan 7 2019,7:00p,SAS,119,DET,107,Box Score,,13107,
Mon Jan 7 2019,7:30p,BRK,95,BOS,116,Box Score,,18624,
Mon Jan 7 2019,8:00p,DEN,113,HOU,125,Box Score,,18055,
Mon Jan 7 2019,8:00p,UTA,102,MIL,114,Box Score,,17341,
Mon Jan 7 2019,8:00p,MEM,95,NOP,114,Box Score,,14624,
Mon Jan 7 2019,8:30p,LAL,107,DAL,97,Box Score,,20354,
Mon Jan 7 2019,10:00p,NYK,101,POR,111,Box Score,,19026,
Mon Jan 7 2019,10:00p,ORL,95,SAC,111,Box Score,,15724,
Tue Jan 8 2019,7:00p,IND,123,CLE,115,Box Score,,19432,
Tue Jan 8 2019,7:00p,WAS,115,PHI,132,Box Score,,20446,
Tue Jan 8 2019,7:30p,DEN,103,MIA,99,Box Score,,19600,
Tue Jan 8 2019,7:30p,ATL,101,TOR,104,Box Score,,19800,
Tue Jan 8 2019,8:00p,MIN,119,OKC,117,Box Score,,18203,
Tue Jan 8 2019,9:00p,SAC,111,PHO,115,Box Score,,13977,
Tue Jan 8 2019,10:30p,NYK,95,GSW,122,Box Score,,19596,
Tue Jan 8 2019,10:30p,CHO,109,LAC,128,Box Score,,15275,
Wed Jan 9 2019,7:00p,IND,108,BOS,135,Box Score,,18624,
Wed Jan 9 2019,7:00p,PHI,106,WAS,123,Box Score,,18039,
Wed Jan 9 2019,7:30p,ATL,100,BRK,116,Box Score,,14531,
Wed Jan 9 2019,8:00p,MIL,116,HOU,109,Box Score,,18055,
Wed Jan 9 2019,8:00p,SAS,86,MEM,96,Box Score,,13944,
Wed Jan 9 2019,8:00p,CLE,124,NOP,140,Box Score,,15058,
Wed Jan 9 2019,8:30p,PHO,94,DAL,104,Box Score,,19596,
Wed Jan 9 2019,9:00p,ORL,93,UTA,106,Box Score,,18306,
Wed Jan 9 2019,10:00p,CHI,112,POR,124,Box Score,,19393,
Wed Jan 9 2019,10:30p,DET,100,LAL,113,Box Score,,18997,
Thu Jan 10 2019,7:00p,BOS,99,MIA,115,Box Score,,19600,
Thu Jan 10 2019,9:00p,LAC,100,DEN,121,Box Score,,15742,
Thu Jan 10 2019,9:30p,OKC,147,SAS,154,Box Score,2OT,18354,
Thu Jan 10 2019,10:00p,DET,102,SAC,112,Box Score,,16916,
Fri Jan 11 2019,7:00p,ATL,123,PHI,121,Box Score,,20487,
Fri Jan 11 2019,7:00p,MIL,106,WAS,113,Box Score,,17996,
Fri Jan 11 2019,7:30p,IND,121,NYK,106,Box Score,,19812,
Fri Jan 11 2019,7:30p,BRK,105,TOR,122,Box Score,,19800,
Fri Jan 11 2019,8:00p,CLE,113,HOU,141,Box Score,,18055,
Fri Jan 11 2019,8:00p,DAL,119,MIN,115,Box Score,,18978,
Fri Jan 11 2019,10:00p,CHO,96,POR,127,Box Score,,19393,
Fri Jan 11 2019,10:00p,LAL,95,UTA,113,Box Score,,18306,
Fri Jan 11 2019,10:30p,CHI,109,GSW,146,Box Score,,19596,
Sat Jan 12 2019,3:30p,DET,109,LAC,104,Box Score,,16540,
Sat Jan 12 2019,5:00p,MEM,108,MIA,112,Box Score,,19600,
Sat Jan 12 2019,7:00p,BOS,103,ORL,105,Box Score,,18846,
Sat Jan 12 2019,8:00p,NOP,106,MIN,110,Box Score,,16384,
Sat Jan 12 2019,8:00p,SAS,112,OKC,122,Box Score,,18203,
Sat Jan 12 2019,9:00p,DEN,93,PHO,102,Box Score,,15246,
Sat Jan 12 2019,10:00p,CHO,97,SAC,104,Box Score,,17853,
Sat Jan 12 2019,10:00p,CHI,102,UTA,110,Box Score,,18306,
Sun Jan 13 2019,1:00p,PHI,108,NYK,105,Box Score,,18596,
Sun Jan 13 2019,1:00p,TOR,140,WAS,138,Box Score,2OT,16919,
Sun Jan 13 2019,3:30p,MIL,133,ATL,114,Box Score,,16292,
Sun Jan 13 2019,6:00p,HOU,109,ORL,116,Box Score,,16982,
Sun Jan 13 2019,7:00p,GSW,119,DAL,114,Box Score,,20340,
Sun Jan 13 2019,8:00p,POR,113,DEN,116,Box Score,,19520,
Sun Jan 13 2019,9:30p,CLE,101,LAL,95,Box Score,,18997,
Mon Jan 14 2019,7:30p,BOS,102,BRK,109,Box Score,,16247,
Mon Jan 14 2019,8:00p,MEM,94,HOU,112,Box Score,,18055,
Mon Jan 14 2019,8:30p,CHO,108,SAS,93,Box Score,,18354,
Mon Jan 14 2019,9:00p,DET,94,UTA,100,Box Score,,18306,
Mon Jan 14 2019,10:00p,POR,107,SAC,115,Box Score,,17583,
Mon Jan 14 2019,10:30p,NOP,121,LAC,117,Box Score,,15283,
Tue Jan 15 2019,7:00p,PHO,97,IND,131,Box Score,,15698,
Tue Jan 15 2019,7:00p,MIN,107,PHI,149,Box Score,,20265,
Tue Jan 15 2019,7:30p,OKC,126,ATL,142,Box Score,,15045,
Tue Jan 15 2019,8:00p,MIA,86,MIL,124,Box Score,,17626,
Tue Jan 15 2019,9:00p,GSW,142,DEN,111,Box Score,,19896,
Tue Jan 15 2019,10:30p,CHI,100,LAL,107,Box Score,,18997,
Wed Jan 16 2019,7:00p,ORL,115,DET,120,Box Score,OT,14019,
Wed Jan 16 2019,8:00p,TOR,108,BOS,117,Box Score,,18624,
Wed Jan 16 2019,8:00p,BRK,145,HOU,142,Box Score,OT,18055,
Wed Jan 16 2019,8:00p,MIL,111,MEM,101,Box Score,,14921,
Wed Jan 16 2019,8:30p,SAS,105,DAL,101,Box Score,,20214,
Wed Jan 16 2019,10:00p,CLE,112,POR,129,Box Score,,19089,
Wed Jan 16 2019,10:30p,NOP,140,GSW,147,Box Score,,19596,
Wed Jan 16 2019,10:30p,UTA,129,LAC,109,Box Score,,15535,
Thu Jan 17 2019,3:00p,NYK,100,WAS,101,Box Score,,19078,at London England
Thu Jan 17 2019,7:00p,SAC,95,CHO,114,Box Score,,15431,
Thu Jan 17 2019,7:00p,PHI,120,IND,96,Box Score,,16007,
Thu Jan 17 2019,7:30p,PHO,109,TOR,111,Box Score,,19800,
Thu Jan 17 2019,9:00p,CHI,105,DEN,135,Box Score,,17289,
Thu Jan 17 2019,9:30p,LAL,138,OKC,128,Box Score,OT,18203,
Fri Jan 18 2019,7:00p,MEM,116,BOS,122,Box Score,,18624,
Fri Jan 18 2019,7:00p,MIA,93,DET,98,Box Score,,17228,
Fri Jan 18 2019,7:00p,BRK,117,ORL,115,Box Score,,17840,
Fri Jan 18 2019,8:00p,SAS,116,MIN,113,Box Score,,17222,
Fri Jan 18 2019,9:00p,CLE,99,UTA,115,Box Score,,18306,
Fri Jan 18 2019,10:30p,GSW,112,LAC,94,Box Score,,19068,
Fri Jan 18 2019,10:30p,NOP,112,POR,128,Box Score,,19598,
Sat Jan 19 2019,3:30p,OKC,117,PHI,115,Box Score,,20646,
Sat Jan 19 2019,5:00p,PHO,115,CHO,135,Box Score,,19278,
Sat Jan 19 2019,7:00p,SAC,103,DET,101,Box Score,,15377,
Sat Jan 19 2019,7:00p,DAL,99,IND,111,Box Score,,17508,
Sat Jan 19 2019,7:00p,MIL,118,ORL,108,Box Score,,18846,
Sat Jan 19 2019,7:30p,BOS,113,ATL,105,Box Score,,16626,
Sat Jan 19 2019,7:30p,MEM,90,TOR,119,Box Score,,19800,
Sat Jan 19 2019,8:00p,MIA,117,CHI,103,Box Score,,20926,
Sat Jan 19 2019,8:30p,LAL,134,HOU,138,Box Score,OT,18055,
Sat Jan 19 2019,10:00p,CLE,102,DEN,124,Box Score,,19520,
Sun Jan 20 2019,6:00p,CHO,95,IND,120,Box Score,,15015,
Sun Jan 20 2019,7:00p,PHO,114,MIN,116,Box Score,,14607,
Sun Jan 20 2019,7:00p,LAC,103,SAS,95,Box Score,,18354,
Mon Jan 21 2019,12:30p,OKC,127,NYK,109,Box Score,,19493,
Mon Jan 21 2019,1:00p,CHI,104,CLE,88,Box Score,,19432,
Mon Jan 21 2019,2:00p,DAL,106,MIL,116,Box Score,,17963,
Mon Jan 21 2019,2:00p,DET,87,WAS,101,Box Score,,16229,
Mon Jan 21 2019,3:00p,ORL,122,ATL,103,Box Score,,16611,
Mon Jan 21 2019,3:30p,SAC,94,BRK,123,Box Score,,14233,
Mon Jan 21 2019,5:30p,NOP,105,MEM,85,Box Score,,17794,
Mon Jan 21 2019,6:00p,MIA,99,BOS,107,Box Score,,18624,
Mon Jan 21 2019,8:00p,HOU,93,PHI,121,Box Score,,20313,
Mon Jan 21 2019,9:00p,POR,109,UTA,104,Box Score,,18306,
Mon Jan 21 2019,10:30p,GSW,130,LAL,111,Box Score,,18997,
Tue Jan 22 2019,7:00p,SAC,105,TOR,120,Box Score,,19800,
Tue Jan 22 2019,8:00p,POR,114,OKC,123,Box Score,,18203,
Tue Jan 22 2019,8:30p,LAC,98,DAL,106,Box Score,,19466,
Tue Jan 22 2019,9:00p,MIN,118,PHO,91,Box Score,,14460,
Wed Jan 23 2019,7:00p,TOR,106,IND,110,Box Score,,16879,
Wed Jan 23 2019,7:30p,CLE,103,BOS,123,Box Score,,18624,
Wed Jan 23 2019,7:30p,ORL,110,BRK,114,Box Score,,13185,
Wed Jan 23 2019,7:30p,LAC,111,MIA,99,Box Score,,19600,
Wed Jan 23 2019,7:30p,HOU,114,NYK,110,Box Score,,18819,
Wed Jan 23 2019,8:00p,ATL,121,CHI,101,Box Score,,18223,
Wed Jan 23 2019,8:00p,CHO,118,MEM,107,Box Score,,12863,
Wed Jan 23 2019,8:00p,DET,98,NOP,94,Box Score,,18181,
Wed Jan 23 2019,8:00p,SAS,120,PHI,122,Box Score,,20339,
Wed Jan 23 2019,10:30p,DEN,108,UTA,114,Box Score,,18306,
Thu Jan 24 2019,8:00p,NOP,116,OKC,122,Box Score,,18203,
Thu Jan 24 2019,8:00p,GSW,126,WAS,118,Box Score,,20409,
Thu Jan 24 2019,9:00p,POR,120,PHO,106,Box Score,,15441,
Thu Jan 24 2019,10:30p,MIN,120,LAL,105,Box Score,,18997,
Fri Jan 25 2019,7:00p,WAS,95,ORL,91,Box Score,,17216,
Fri Jan 25 2019,7:30p,NYK,99,BRK,109,Box Score,,17033,
Fri Jan 25 2019,7:30p,MIA,100,CLE,94,Box Score,,19432,
Fri Jan 25 2019,8:00p,LAC,106,CHI,101,Box Score,,19354,
Fri Jan 25 2019,8:00p,TOR,119,HOU,121,Box Score,,18055,
Fri Jan 25 2019,8:00p,SAC,99,MEM,96,Box Score,,14486,
Fri Jan 25 2019,8:30p,DET,101,DAL,106,Box Score,,20327,
Fri Jan 25 2019,8:30p,CHO,99,MIL,108,Box Score,,17803,
Fri Jan 25 2019,9:00p,PHO,95,DEN,132,Box Score,,17425,
Fri Jan 25 2019,9:00p,MIN,102,UTA,106,Box Score,,18306,
Sat Jan 26 2019,6:00p,SAS,126,NOP,114,Box Score,,17724,
Sat Jan 26 2019,8:00p,IND,103,MEM,106,Box Score,,14486,
Sat Jan 26 2019,8:30p,GSW,115,BOS,111,Box Score,,18624,
Sat Jan 26 2019,9:00p,PHI,110,DEN,126,Box Score,,19673,
Sat Jan 26 2019,10:00p,ATL,111,POR,120,Box Score,,19629,
Sun Jan 27 2019,3:30p,CLE,104,CHI,101,Box Score,,19675,
Sun Jan 27 2019,3:30p,SAC,108,LAC,122,Box Score,,19068,
Sun Jan 27 2019,6:00p,MIL,112,OKC,118,Box Score,,18203,
Sun Jan 27 2019,7:00p,TOR,123,DAL,120,Box Score,,20308,
Sun Jan 27 2019,7:00p,ORL,98,HOU,103,Box Score,,18055,
Sun Jan 27 2019,7:00p,UTA,125,MIN,111,Box Score,,14542,
Sun Jan 27 2019,7:00p,WAS,119,SAS,132,Box Score,,18354,
Sun Jan 27 2019,7:30p,MIA,106,NYK,97,Box Score,,18852,
Sun Jan 27 2019,9:30p,PHO,102,LAL,116,Box Score,,18997,
Mon Jan 28 2019,7:00p,NYK,92,CHO,101,Box Score,,13963,
Mon Jan 28 2019,7:00p,GSW,132,IND,100,Box Score,,17923,
Mon Jan 28 2019,7:30p,BRK,104,BOS,112,Box Score,,18624,
Mon Jan 28 2019,8:00p,DEN,95,MEM,92,Box Score,,12917,
Mon Jan 28 2019,10:30p,ATL,123,LAC,118,Box Score,,17382,
Tue Jan 29 2019,7:00p,WAS,113,CLE,116,Box Score,,19432,
Tue Jan 29 2019,7:00p,MIL,115,DET,105,Box Score,,14187,
Tue Jan 29 2019,7:00p,OKC,126,ORL,117,Box Score,,16341,
Tue Jan 29 2019,7:30p,CHI,117,BRK,122,Box Score,,12726,
Tue Jan 29 2019,8:00p,NOP,121,HOU,116,Box Score,,18055,
Tue Jan 29 2019,8:30p,PHO,124,SAS,126,Box Score,,18121,
Tue Jan 29 2019,10:30p,PHI,121,LAL,105,Box Score,,18997,
Wed Jan 30 2019,7:30p,CHO,94,BOS,126,Box Score,,18624,
Wed Jan 30 2019,7:30p,CHI,105,MIA,89,Box Score,,19600,
Wed Jan 30 2019,7:30p,DAL,114,NYK,90,Box Score,,18842,
Wed Jan 30 2019,8:00p,MEM,97,MIN,99,Box Score,OT,13615,
Wed Jan 30 2019,8:00p,DEN,105,NOP,99,Box Score,,14211,
Wed Jan 30 2019,8:00p,IND,89,WAS,107,Box Score,,15354,
Wed Jan 30 2019,10:00p,ATL,113,SAC,135,Box Score,,17583,
Wed Jan 30 2019,10:30p,UTA,105,POR,132,Box Score,,19393,
Thu Jan 31 2019,7:00p,DAL,89,DET,93,Box Score,,14075,
Thu Jan 31 2019,7:00p,IND,100,ORL,107,Box Score,,16625,
Thu Jan 31 2019,8:00p,MIL,105,TOR,92,Box Score,,19800,
Thu Jan 31 2019,8:30p,BRK,114,SAS,117,Box Score,,18057,
Thu Jan 31 2019,10:30p,PHI,113,GSW,104,Box Score,,19596,
Thu Jan 31 2019,10:30p,LAL,123,LAC,120,Box Score,OT,19068,
Fri Feb 1 2019,7:00p,MEM,92,CHO,100,Box Score,,15387,
Fri Feb 1 2019,7:30p,BOS,113,NYK,99,Box Score,,18343,
Fri Feb 1 2019,8:00p,OKC,118,MIA,102,Box Score,,19600,
Fri Feb 1 2019,9:00p,ATL,112,UTA,128,Box Score,,18306,
Fri Feb 1 2019,10:00p,HOU,122,DEN,136,Box Score,,20106,
Sat Feb 2 2019,5:00p,LAC,111,DET,101,Box Score,,17862,
Sat Feb 2 2019,7:00p,CHI,118,CHO,125,Box Score,,19114,
Sat Feb 2 2019,7:00p,BRK,89,ORL,102,Box Score,,17385,
Sat Feb 2 2019,7:00p,MIL,131,WAS,115,Box Score,,20409,
Sat Feb 2 2019,7:30p,DAL,111,CLE,98,Box Score,,19432,
Sat Feb 2 2019,7:30p,IND,95,MIA,88,Box Score,,19600,
Sat Feb 2 2019,8:30p,LAL,101,GSW,115,Box Score,,19596,
Sat Feb 2 2019,8:30p,NOP,108,SAS,113,Box Score,,18354,
Sat Feb 2 2019,9:00p,DEN,107,MIN,106,Box Score,,17208,
Sat Feb 2 2019,9:00p,ATL,118,PHO,112,Box Score,,15534,
Sat Feb 2 2019,9:00p,HOU,125,UTA,98,Box Score,,18306,
Sat Feb 2 2019,10:00p,PHI,108,SAC,115,Box Score,,17583,
Sun Feb 3 2019,1:00p,MEM,96,NYK,84,Box Score,,17025,
Sun Feb 3 2019,2:00p,OKC,129,BOS,134,Box Score,,18624,
Sun Feb 3 2019,3:00p,LAC,103,TOR,121,Box Score,,19800,
Mon Feb 4 2019,7:00p,DEN,103,DET,129,Box Score,,12589,
Mon Feb 4 2019,7:00p,ATL,137,WAS,129,Box Score,,15025,
Mon Feb 4 2019,7:30p,MIL,113,BRK,94,Box Score,,16209,
Mon Feb 4 2019,8:00p,IND,109,NOP,107,Box Score,,15780,
Mon Feb 4 2019,9:00p,HOU,118,PHO,110,Box Score,,15740,
Mon Feb 4 2019,10:00p,SAS,112,SAC,127,Box Score,,16245,
Tue Feb 5 2019,7:00p,LAC,117,CHO,115,Box Score,,14300,
Tue Feb 5 2019,7:00p,BOS,103,CLE,96,Box Score,,19432,
Tue Feb 5 2019,7:00p,LAL,94,IND,136,Box Score,,17265,
Tue Feb 5 2019,7:30p,DET,105,NYK,92,Box Score,,17853,
Tue Feb 5 2019,8:00p,MIN,106,MEM,108,Box Score,,13454,
Tue Feb 5 2019,8:00p,ORL,122,OKC,132,Box Score,,18203,
Tue Feb 5 2019,8:00p,TOR,119,PHI,107,Box Score,,20472,
Tue Feb 5 2019,10:30p,MIA,118,POR,108,Box Score,,19468,
Wed Feb 6 2019,7:30p,DEN,130,BRK,135,Box Score,,14516,
Wed Feb 6 2019,8:00p,NOP,125,CHI,120,Box Score,,18116,
Wed Feb 6 2019,8:00p,WAS,129,MIL,148,Box Score,,17360,
Wed Feb 6 2019,8:30p,CHO,93,DAL,99,Box Score,,19606,
Wed Feb 6 2019,9:00p,PHO,88,UTA,116,Box Score,,18306,
Wed Feb 6 2019,10:00p,HOU,127,SAC,101,Box Score,,17583,
Wed Feb 6 2019,10:30p,SAS,102,GSW,141,Box Score,,19596,
Thu Feb 7 2019,7:00p,LAC,92,IND,116,Box Score,,15756,
Thu Feb 7 2019,7:00p,MIN,112,ORL,122,Box Score,,17184,
Thu Feb 7 2019,7:30p,TOR,119,ATL,101,Box Score,,16036,
Thu Feb 7 2019,8:00p,LAL,129,BOS,128,Box Score,,18624,
Thu Feb 7 2019,8:00p,MEM,95,OKC,117,Box Score,,18203,
Thu Feb 7 2019,10:30p,SAS,118,POR,127,Box Score,,19393,
Fri Feb 8 2019,7:00p,NYK,103,DET,120,Box Score,,14430,
Fri Feb 8 2019,7:00p,DEN,110,PHI,117,Box Score,,20627,
Fri Feb 8 2019,7:00p,CLE,106,WAS,119,Box Score,,16682,
Fri Feb 8 2019,7:30p,CHI,125,BRK,106,Box Score,,15267,
Fri Feb 8 2019,8:30p,MIL,122,DAL,107,Box Score,,20420,
Fri Feb 8 2019,9:00p,GSW,117,PHO,107,Box Score,,17081,
Fri Feb 8 2019,9:30p,MIN,117,NOP,122,Box Score,,16980,
Fri Feb 8 2019,10:00p,MIA,96,SAC,102,Box Score,,17583,
Sat Feb 9 2019,5:00p,SAS,105,UTA,125,Box Score,,18306,
Sat Feb 9 2019,7:00p,CLE,90,IND,105,Box Score,,17923,
Sat Feb 9 2019,7:30p,CHO,129,ATL,120,Box Score,,15048,
Sat Feb 9 2019,7:30p,TOR,104,NYK,99,Box Score,,18886,
Sat Feb 9 2019,8:00p,LAC,123,BOS,112,Box Score,,18624,
Sat Feb 9 2019,8:00p,WAS,134,CHI,125,Box Score,,19942,
Sat Feb 9 2019,8:00p,NOP,90,MEM,99,Box Score,,16841,
Sat Feb 9 2019,8:30p,OKC,117,HOU,112,Box Score,,18061,
Sat Feb 9 2019,9:00p,ORL,103,MIL,83,Box Score,,17812,
Sun Feb 10 2019,3:00p,POR,101,DAL,102,Box Score,,20340,
Sun Feb 10 2019,3:30p,LAL,120,PHI,143,Box Score,,20683,
Sun Feb 10 2019,6:00p,PHO,104,SAC,117,Box Score,,17583,
Sun Feb 10 2019,7:30p,ORL,124,ATL,108,Box Score,,13370,
Sun Feb 10 2019,8:30p,MIA,118,GSW,120,Box Score,,19596,
Mon Feb 11 2019,7:00p,NYK,104,CLE,107,Box Score,,19432,
Mon Feb 11 2019,7:00p,WAS,112,DET,121,Box Score,,15246,
Mon Feb 11 2019,7:00p,CHO,90,IND,99,Box Score,,15734,
Mon Feb 11 2019,7:30p,BRK,125,TOR,127,Box Score,,19800,
Mon Feb 11 2019,8:00p,MIL,112,CHI,99,Box Score,,18833,
Mon Feb 11 2019,8:00p,DAL,104,HOU,120,Box Score,,18055,
Mon Feb 11 2019,8:00p,LAC,120,MIN,130,Box Score,,13782,
Mon Feb 11 2019,8:00p,POR,111,OKC,120,Box Score,,18203,
Mon Feb 11 2019,9:00p,MIA,87,DEN,103,Box Score,,18378,
Tue Feb 12 2019,7:30p,LAL,113,ATL,117,Box Score,,16824,
Tue Feb 12 2019,8:00p,SAS,108,MEM,107,Box Score,,13788,
Tue Feb 12 2019,8:00p,ORL,118,NOP,88,Box Score,,15733,
Tue Feb 12 2019,8:00p,BOS,112,PHI,109,Box Score,,20582,
Tue Feb 12 2019,10:30p,UTA,108,GSW,115,Box Score,,19596,
Wed Feb 13 2019,7:00p,BRK,148,CLE,139,Box Score,3OT,17434,
Wed Feb 13 2019,7:00p,MIL,106,IND,97,Box Score,,17311,
Wed Feb 13 2019,7:30p,DET,110,BOS,118,Box Score,,18624,
Wed Feb 13 2019,7:30p,PHI,126,NYK,111,Box Score,,18983,
Wed Feb 13 2019,7:30p,WAS,120,TOR,129,Box Score,,19800,
Wed Feb 13 2019,8:00p,MEM,110,CHI,122,Box Score,,19114,
Wed Feb 13 2019,8:00p,HOU,111,MIN,121,Box Score,,15131,
Wed Feb 13 2019,8:30p,MIA,112,DAL,101,Box Score,,20364,
Wed Feb 13 2019,9:00p,SAC,118,DEN,120,Box Score,,17938,
Wed Feb 13 2019,10:30p,PHO,107,LAC,134,Box Score,,17703,
Wed Feb 13 2019,10:30p,GSW,107,POR,129,Box Score,,19549,
Thu Feb 14 2019,7:00p,CHO,89,ORL,127,Box Score,,18846,
Thu Feb 14 2019,7:30p,NYK,106,ATL,91,Box Score,,14179,
Thu Feb 14 2019,8:00p,OKC,122,NOP,131,Box Score,,15686,
Thu Feb 21 2019,7:00p,PHO,98,CLE,111,Box Score,,19022,
Thu Feb 21 2019,7:00p,MIA,102,PHI,106,Box Score,,20505,
Thu Feb 21 2019,7:30p,POR,113,BRK,99,Box Score,,17732,
Thu Feb 21 2019,8:00p,BOS,97,MIL,98,Box Score,,17926,
Thu Feb 21 2019,10:30p,SAC,123,GSW,125,Box Score,,19596,
Thu Feb 21 2019,10:30p,HOU,106,LAL,111,Box Score,,18997,
Fri Feb 22 2019,7:00p,WAS,110,CHO,123,Box Score,,15572,
Fri Feb 22 2019,7:00p,NOP,111,IND,126,Box Score,,16962,
Fri Feb 22 2019,7:00p,CHI,110,ORL,109,Box Score,,18846,
Fri Feb 22 2019,7:00p,SAS,117,TOR,120,Box Score,,20058,
Fri Feb 22 2019,7:30p,DET,125,ATL,122,Box Score,,14067,
Fri Feb 22 2019,7:30p,MIN,115,NYK,104,Box Score,,19096,
Fri Feb 22 2019,8:00p,LAC,112,MEM,106,Box Score,,16444,
Fri Feb 22 2019,8:30p,DEN,114,DAL,104,Box Score,,20382,
Fri Feb 22 2019,9:30p,UTA,147,OKC,148,Box Score,2OT,18203,
Sat Feb 23 2019,1:00p,POR,130,PHI,115,Box Score,,20619,
Sat Feb 23 2019,7:00p,PHO,112,ATL,120,Box Score,,15214,
Sat Feb 23 2019,7:00p,BRK,117,CHO,115,Box Score,,19158,
Sat Feb 23 2019,7:00p,MEM,107,CLE,112,Box Score,,19432,
Sat Feb 23 2019,7:00p,LAL,115,NOP,128,Box Score,,18626,
Sat Feb 23 2019,7:00p,IND,119,WAS,112,Box Score,,19648,
Sat Feb 23 2019,7:30p,DET,119,MIA,96,Box Score,,19600,
Sat Feb 23 2019,8:00p,BOS,116,CHI,126,Box Score,,21295,
Sat Feb 23 2019,8:00p,SAC,119,OKC,116,Box Score,,18203,
Sat Feb 23 2019,8:30p,HOU,118,GSW,112,Box Score,,19596,
Sat Feb 23 2019,8:30p,MIN,128,MIL,140,Box Score,,17972,
Sat Feb 23 2019,10:00p,DAL,109,UTA,125,Box Score,,18306,
Sun Feb 24 2019,3:30p,ORL,113,TOR,98,Box Score,,19800,
Sun Feb 24 2019,5:00p,LAC,96,DEN,123,Box Score,,19956,
Sun Feb 24 2019,7:30p,SAS,118,NYK,130,Box Score,,18019,
Mon Feb 25 2019,7:00p,GSW,121,CHO,110,Box Score,,19419,
Mon Feb 25 2019,7:00p,POR,123,CLE,110,Box Score,,19432,
Mon Feb 25 2019,7:00p,IND,109,DET,113,Box Score,,15321,
Mon Feb 25 2019,7:30p,SAS,85,BRK,101,Box Score,,13479,
Mon Feb 25 2019,7:30p,PHO,124,MIA,121,Box Score,,19600,
Mon Feb 25 2019,8:00p,MIL,117,CHI,106,Box Score,,20936,
Mon Feb 25 2019,8:00p,ATL,111,HOU,119,Box Score,,18055,
Mon Feb 25 2019,8:00p,LAL,105,MEM,110,Box Score,,17794,
Mon Feb 25 2019,8:00p,SAC,105,MIN,112,Box Score,,13691,
Mon Feb 25 2019,8:00p,PHI,111,NOP,110,Box Score,,17194,
Mon Feb 25 2019,10:30p,DAL,112,LAC,121,Box Score,,19068,
Tue Feb 26 2019,7:30p,ORL,103,NYK,108,Box Score,,17833,
Tue Feb 26 2019,8:00p,BOS,95,TOR,118,Box Score,,19800,
Tue Feb 26 2019,10:30p,OKC,112,DEN,121,Box Score,,18378,
Wed Feb 27 2019,7:00p,HOU,118,CHO,113,Box Score,,17903,
Wed Feb 27 2019,7:30p,MIN,123,ATL,131,Box Score,OT,14101,
Wed Feb 27 2019,7:30p,WAS,125,BRK,116,Box Score,,13683,
Wed Feb 27 2019,7:30p,GSW,125,MIA,126,Box Score,,19647,
Wed Feb 27 2019,8:00p,POR,97,BOS,92,Box Score,,18624,
Wed Feb 27 2019,8:00p,CHI,109,MEM,107,Box Score,,13711,
Wed Feb 27 2019,8:30p,IND,101,DAL,110,Box Score,,19978,
Wed Feb 27 2019,8:30p,DET,93,SAS,105,Box Score,,18354,
Wed Feb 27 2019,9:00p,LAC,105,UTA,111,Box Score,,18306,
Wed Feb 27 2019,10:00p,MIL,141,SAC,140,Box Score,OT,17583,
Wed Feb 27 2019,10:30p,NOP,119,LAL,125,Box Score,,18997,
Thu Feb 28 2019,7:00p,MIN,115,IND,122,Box Score,,17003,
Thu Feb 28 2019,7:00p,GSW,96,ORL,103,Box Score,,18846,
Thu Feb 28 2019,7:30p,CLE,125,NYK,118,Box Score,,17573,
Thu Feb 28 2019,8:00p,MIA,118,HOU,121,Box Score,,18119,
Thu Feb 28 2019,8:00p,PHI,108,OKC,104,Box Score,,18203,
Thu Feb 28 2019,10:30p,UTA,111,DEN,104,Box Score,,19520,
Fri Mar 1 2019,7:30p,CHI,168,ATL,161,Box Score,4OT,15267,
Fri Mar 1 2019,7:30p,CHO,123,BRK,112,Box Score,,15578,
Fri Mar 1 2019,8:00p,WAS,96,BOS,107,Box Score,,18624,
Fri Mar 1 2019,8:00p,POR,117,TOR,119,Box Score,,19800,
Fri Mar 1 2019,9:00p,NOP,130,PHO,116,Box Score,,14123,
Fri Mar 1 2019,10:00p,LAC,116,SAC,109,Box Score,,17583,
Fri Mar 1 2019,10:30p,MIL,131,LAL,120,Box Score,,18997,
Sat Mar 2 2019,5:00p,DET,129,CLE,93,Box Score,,19432,
Sat Mar 2 2019,7:00p,ORL,117,IND,112,Box Score,,17923,
Sat Mar 2 2019,7:30p,BRK,88,MIA,117,Box Score,,19600,
Sat Mar 2 2019,8:30p,MEM,111,DAL,81,Box Score,,20233,
Sat Mar 2 2019,8:30p,GSW,120,PHI,117,Box Score,,20624,
Sat Mar 2 2019,8:30p,OKC,102,SAS,116,Box Score,,18439,
Sat Mar 2 2019,9:00p,NOP,120,DEN,112,Box Score,,19978,
Sat Mar 2 2019,9:00p,LAL,109,PHO,118,Box Score,,18055,
Sat Mar 2 2019,9:00p,MIL,111,UTA,115,Box Score,,18306,
Sun Mar 3 2019,1:00p,POR,118,CHO,108,Box Score,,18355,
Sun Mar 3 2019,3:30p,HOU,115,BOS,104,Box Score,,18624,
Sun Mar 3 2019,3:30p,ATL,123,CHI,118,Box Score,,20526,
Sun Mar 3 2019,3:30p,NYK,107,LAC,128,Box Score,,19068,
Sun Mar 3 2019,6:00p,ORL,93,CLE,107,Box Score,,19432,
Sun Mar 3 2019,6:00p,TOR,107,DET,112,Box Score,OT,19161,
Sun Mar 3 2019,6:00p,MIN,121,WAS,135,Box Score,,17869,
Sun Mar 3 2019,7:00p,MEM,95,OKC,99,Box Score,,18203,
Mon Mar 4 2019,7:30p,DAL,88,BRK,127,Box Score,,17064,
Mon Mar 4 2019,7:30p,ATL,113,MIA,114,Box Score,,19600,
Mon Mar 4 2019,8:30p,DEN,103,SAS,104,Box Score,,18354,
Mon Mar 4 2019,9:00p,MIL,105,PHO,114,Box Score,,18055,
Mon Mar 4 2019,9:00p,NOP,115,UTA,112,Box Score,,18306,
Mon Mar 4 2019,10:00p,NYK,108,SAC,115,Box Score,,17034,
Mon Mar 4 2019,10:30p,LAC,113,LAL,105,Box Score,,18997,
Tue Mar 5 2019,7:00p,CHI,96,IND,105,Box Score,,15753,
Tue Mar 5 2019,7:00p,ORL,106,PHI,114,Box Score,,20379,
Tue Mar 5 2019,8:00p,POR,111,MEM,120,Box Score,,13801,
Tue Mar 5 2019,8:00p,OKC,120,MIN,131,Box Score,,15728,
Tue Mar 5 2019,8:00p,HOU,107,TOR,95,Box Score,,19800,
Tue Mar 5 2019,10:30p,BOS,128,GSW,95,Box Score,,19596,
Wed Mar 6 2019,7:00p,MIA,91,CHO,84,Box Score,,18137,
Wed Mar 6 2019,7:00p,MIN,114,DET,131,Box Score,,15240,
Wed Mar 6 2019,7:00p,DAL,123,WAS,132,Box Score,,16867,
Wed Mar 6 2019,7:30p,SAS,111,ATL,104,Box Score,,15208,
Wed Mar 6 2019,7:30p,CLE,107,BRK,113,Box Score,,14177,
Wed Mar 6 2019,8:00p,PHI,107,CHI,108,Box Score,,19927,
Wed Mar 6 2019,8:00p,UTA,114,NOP,104,Box Score,,14681,
Wed Mar 6 2019,9:00p,NYK,96,PHO,107,Box Score,,14427,
Wed Mar 6 2019,10:00p,BOS,111,SAC,109,Box Score,,17583,
Wed Mar 6 2019,10:30p,DEN,115,LAL,99,Box Score,,18997,
Thu Mar 7 2019,8:00p,IND,98,MIL,117,Box Score,,17884,
Thu Mar 7 2019,10:30p,OKC,129,POR,121,Box Score,OT,20037,
Fri Mar 8 2019,7:00p,WAS,111,CHO,112,Box Score,,18144,
Fri Mar 8 2019,7:00p,DAL,106,ORL,111,Box Score,,19196,
Fri Mar 8 2019,8:00p,DET,112,CHI,104,Box Score,,21048,
Fri Mar 8 2019,8:00p,PHI,91,HOU,107,Box Score,,18055,
Fri Mar 8 2019,8:00p,UTA,104,MEM,114,Box Score,,15407,
Fri Mar 8 2019,8:00p,CLE,110,MIA,126,Box Score,,19600,
Fri Mar 8 2019,8:00p,TOR,127,NOP,104,Box Score,,17325,
Fri Mar 8 2019,10:30p,DEN,105,GSW,122,Box Score,,19596,
Fri Mar 8 2019,10:30p,OKC,110,LAC,118,Box Score,,17915,
Sat Mar 9 2019,12:00p,SAC,102,NYK,94,Box Score,,19812,
Sat Mar 9 2019,7:00p,BRK,114,ATL,112,Box Score,,16527,
Sat Mar 9 2019,8:00p,WAS,130,MIN,135,Box Score,OT,14381,
Sat Mar 9 2019,8:30p,BOS,120,LAL,107,Box Score,,18997,
Sat Mar 9 2019,9:00p,CHO,114,MIL,131,Box Score,,17996,
Sat Mar 9 2019,10:00p,PHO,120,POR,127,Box Score,,19851,
Sun Mar 10 2019,12:00p,CHI,108,DET,131,Box Score,,19356,
Sun Mar 10 2019,3:30p,TOR,125,MIA,104,Box Score,,19600,
Sun Mar 10 2019,3:30p,IND,89,PHI,106,Box Score,,20636,
Sun Mar 10 2019,6:00p,NOP,116,ATL,128,Box Score,,14337,
Sun Mar 10 2019,6:00p,ORL,97,MEM,105,Box Score,,16627,
Sun Mar 10 2019,7:00p,HOU,94,DAL,93,Box Score,,20423,
Sun Mar 10 2019,8:00p,NYK,92,MIN,103,Box Score,,13806,
Sun Mar 10 2019,8:00p,MIL,114,SAS,121,Box Score,,18594,
Sun Mar 10 2019,8:30p,PHO,115,GSW,111,Box Score,,19596,
Mon Mar 11 2019,7:00p,TOR,101,CLE,126,Box Score,,19432,
Mon Mar 11 2019,7:00p,SAC,115,WAS,121,Box Score,,15012,
Mon Mar 11 2019,7:30p,DET,75,BRK,103,Box Score,,17732,
Mon Mar 11 2019,8:00p,CHO,106,HOU,118,Box Score,,18055,
Mon Mar 11 2019,9:00p,OKC,98,UTA,89,Box Score,,18306,
Mon Mar 11 2019,10:30p,BOS,115,LAC,140,Box Score,,19068,
Tue Mar 12 2019,7:00p,NYK,98,IND,103,Box Score,,16679,
Tue Mar 12 2019,7:00p,CLE,99,PHI,106,Box Score,,20420,
Tue Mar 12 2019,8:00p,LAL,123,CHI,107,Box Score,,21359,
Tue Mar 12 2019,8:00p,SAS,112,DAL,105,Box Score,,20366,
Tue Mar 12 2019,8:00p,MIL,130,NOP,113,Box Score,,15562,
Tue Mar 12 2019,10:30p,MIN,107,DEN,133,Box Score,,16874,
Tue Mar 12 2019,10:30p,POR,125,LAC,104,Box Score,,16686,
Wed Mar 13 2019,7:00p,BRK,96,OKC,108,Box Score,,18203,
Wed Mar 13 2019,7:00p,ORL,90,WAS,100,Box Score,,15107,
Wed Mar 13 2019,7:30p,MEM,111,ATL,132,Box Score,,15169,
Wed Mar 13 2019,7:30p,DET,74,MIA,108,Box Score,,19600,
Wed Mar 13 2019,9:30p,GSW,106,HOU,104,Box Score,,18122,
Wed Mar 13 2019,10:00p,UTA,114,PHO,97,Box Score,,18055,
Thu Mar 14 2019,7:00p,OKC,106,IND,108,Box Score,,16656,
Thu Mar 14 2019,7:00p,CLE,91,ORL,120,Box Score,,18091,
Thu Mar 14 2019,7:30p,SAC,120,BOS,126,Box Score,,18624,
Thu Mar 14 2019,8:00p,LAL,98,TOR,111,Box Score,,19962,
Thu Mar 14 2019,9:00p,MIN,100,UTA,120,Box Score,,18306,
Thu Mar 14 2019,10:30p,DAL,99,DEN,100,Box Score,,19520,
Fri Mar 15 2019,7:00p,LAL,97,DET,111,Box Score,,20768,
Fri Mar 15 2019,7:00p,SAC,114,PHI,123,Box Score,,20704,
Fri Mar 15 2019,7:00p,CHO,116,WAS,110,Box Score,,19520,
Fri Mar 15 2019,8:00p,PHO,102,HOU,108,Box Score,,18055,
Fri Mar 15 2019,8:00p,MIL,113,MIA,98,Box Score,,19600,
Fri Mar 15 2019,8:00p,POR,122,NOP,110,Box Score,,16117,
Fri Mar 15 2019,8:30p,NYK,83,SAS,109,Box Score,,18354,
Fri Mar 15 2019,10:30p,CHI,121,LAC,128,Box Score,,17404,
Sat Mar 16 2019,12:30p,ATL,120,BOS,129,Box Score,,18624,
Sat Mar 16 2019,7:00p,PHO,138,NOP,136,Box Score,OT,17641,
Sat Mar 16 2019,7:00p,MEM,128,WAS,135,Box Score,,19750,
Sat Mar 16 2019,8:30p,CLE,116,DAL,121,Box Score,,20347,
Sat Mar 16 2019,8:30p,GSW,110,OKC,88,Box Score,,18203,
Sat Mar 16 2019,8:30p,POR,103,SAS,108,Box Score,,18354,
Sat Mar 16 2019,9:00p,IND,100,DEN,102,Box Score,,19856,
Sat Mar 16 2019,9:00p,BRK,98,UTA,114,Box Score,,18306,
Sun Mar 17 2019,12:00p,LAL,123,NYK,124,Box Score,,19812,
Sun Mar 17 2019,1:00p,CHO,75,MIA,93,Box Score,,19600,
Sun Mar 17 2019,3:30p,PHI,130,MIL,125,Box Score,,18148,
Sun Mar 17 2019,4:00p,TOR,107,DET,110,Box Score,,19277,
Sun Mar 17 2019,6:00p,ATL,91,ORL,101,Box Score,,18045,
Sun Mar 17 2019,6:00p,CHI,102,SAC,129,Box Score,,17583,
Sun Mar 17 2019,9:00p,MIN,102,HOU,117,Box Score,,18055,
Sun Mar 17 2019,9:00p,BRK,116,LAC,119,Box Score,,17247,
Mon Mar 18 2019,7:00p,DET,119,CLE,126,Box Score,,18465,
Mon Mar 18 2019,7:00p,UTA,116,WAS,95,Box Score,,15637,
Mon Mar 18 2019,7:30p,DEN,114,BOS,105,Box Score,,18624,
Mon Mar 18 2019,7:30p,NYK,92,TOR,128,Box Score,,19800,
Mon Mar 18 2019,8:00p,MIA,116,OKC,107,Box Score,,18203,
Mon Mar 18 2019,8:00p,GSW,105,SAS,111,Box Score,,18354,
Mon Mar 18 2019,8:30p,NOP,129,DAL,125,Box Score,OT,20276,
Mon Mar 18 2019,10:00p,CHI,116,PHO,101,Box Score,,15879,
Mon Mar 18 2019,10:30p,IND,98,POR,106,Box Score,,19393,
Tue Mar 19 2019,7:00p,PHI,118,CHO,114,Box Score,,16411,
Tue Mar 19 2019,7:30p,HOU,121,ATL,105,Box Score,,16293,
Tue Mar 19 2019,8:00p,LAL,101,MIL,115,Box Score,,17879,
Tue Mar 19 2019,8:00p,GSW,117,MIN,107,Box Score,,17964,
Tue Mar 19 2019,10:00p,BRK,123,SAC,121,Box Score,,17583,
Tue Mar 19 2019,10:30p,IND,109,LAC,115,Box Score,,16043,
Wed Mar 20 2019,7:00p,MIL,102,CLE,107,Box Score,,19432,
Wed Mar 20 2019,7:00p,NOP,96,ORL,119,Box Score,,17005,
Wed Mar 20 2019,7:00p,BOS,115,PHI,118,Box Score,,20606,
Wed Mar 20 2019,7:30p,UTA,137,NYK,116,Box Score,,18530,
Wed Mar 20 2019,8:00p,WAS,120,CHI,126,Box Score,OT,19470,
Wed Mar 20 2019,8:00p,HOU,125,MEM,126,Box Score,OT,16691,
Wed Mar 20 2019,8:30p,MIA,110,SAS,105,Box Score,,18354,
Wed Mar 20 2019,9:30p,TOR,123,OKC,114,Box Score,OT,18203,
Wed Mar 20 2019,10:00p,DAL,118,POR,126,Box Score,,19803,
Thu Mar 21 2019,7:00p,MIN,106,CHO,113,Box Score,,15576,
Thu Mar 21 2019,7:00p,DEN,113,WAS,108,Box Score,,15986,
Thu Mar 21 2019,7:30p,UTA,114,ATL,117,Box Score,,15569,
Thu Mar 21 2019,10:00p,DET,118,PHO,98,Box Score,,16066,
Thu Mar 21 2019,10:00p,DAL,100,SAC,116,Box Score,,17583,
Thu Mar 21 2019,10:30p,IND,89,GSW,112,Box Score,,19596,
Fri Mar 22 2019,7:00p,MEM,119,ORL,123,Box Score,OT,18025,
Fri Mar 22 2019,7:30p,LAC,110,CLE,108,Box Score,,19432,
Fri Mar 22 2019,7:30p,DEN,111,NYK,93,Box Score,,19290,
Fri Mar 22 2019,7:30p,OKC,116,TOR,109,Box Score,,20014,
Fri Mar 22 2019,8:00p,SAS,105,HOU,111,Box Score,,18055,
Fri Mar 22 2019,8:30p,MIA,87,MIL,116,Box Score,,18094,
Fri Mar 22 2019,10:30p,BRK,111,LAL,106,Box Score,,18997,
Sat Mar 23 2019,6:00p,BOS,117,CHO,124,Box Score,,19438,
Sat Mar 23 2019,7:00p,MIA,113,WAS,108,Box Score,,20409,
Sat Mar 23 2019,7:30p,PHI,127,ATL,129,Box Score,,16640,
Sat Mar 23 2019,8:00p,UTA,114,CHI,83,Box Score,,20506,
Sat Mar 23 2019,8:00p,MIN,112,MEM,99,Box Score,,16977,
Sat Mar 23 2019,8:30p,DAL,126,GSW,91,Box Score,,19596,
Sat Mar 23 2019,10:00p,DET,112,POR,117,Box Score,,19815,
Sat Mar 23 2019,10:00p,PHO,103,SAC,112,Box Score,,17583,
Sun Mar 24 2019,12:00p,LAC,124,NYK,113,Box Score,,18263,
Sun Mar 24 2019,4:30p,CLE,105,MIL,127,Box Score,,17930,
Sun Mar 24 2019,5:00p,DEN,88,IND,124,Box Score,,17923,
Sun Mar 24 2019,6:00p,CHO,115,TOR,114,Box Score,,19800,
Sun Mar 24 2019,7:00p,HOU,113,NOP,90,Box Score,,17048,
Sun Mar 24 2019,7:30p,SAS,115,BOS,96,Box Score,,18624,
Sun Mar 24 2019,8:30p,DET,114,GSW,121,Box Score,,19596,
Sun Mar 24 2019,9:30p,SAC,106,LAL,111,Box Score,,18997,
Mon Mar 25 2019,7:00p,PHI,98,ORL,119,Box Score,,16848,
Mon Mar 25 2019,8:00p,OKC,103,MEM,115,Box Score,,15144,
Mon Mar 25 2019,9:00p,PHO,92,UTA,125,Box Score,,18306,
Mon Mar 25 2019,10:00p,BRK,144,POR,148,Box Score,2OT,20188,
Tue Mar 26 2019,7:00p,SAS,116,CHO,125,Box Score,OT,14227,
Tue Mar 26 2019,7:00p,BOS,116,CLE,106,Box Score,,19432,
Tue Mar 26 2019,7:30p,ORL,104,MIA,99,Box Score,,19704,
Tue Mar 26 2019,7:30p,CHI,103,TOR,112,Box Score,,19800,
Tue Mar 26 2019,8:00p,HOU,94,MIL,108,Box Score,,17910,
Tue Mar 26 2019,8:00p,LAC,122,MIN,111,Box Score,,13176,
Tue Mar 26 2019,8:00p,ATL,130,NOP,120,Box Score,,14751,
Tue Mar 26 2019,8:30p,SAC,125,DAL,121,Box Score,,20168,
Tue Mar 26 2019,9:00p,DET,92,DEN,95,Box Score,,19520,
Tue Mar 26 2019,10:30p,WAS,106,LAL,124,Box Score,,18997,
Wed Mar 27 2019,8:00p,POR,118,CHI,98,Box Score,,20227,
Wed Mar 27 2019,8:00p,GSW,118,MEM,103,Box Score,,17794,
Wed Mar 27 2019,8:00p,IND,99,OKC,107,Box Score,,18203,
Wed Mar 27 2019,10:00p,WAS,124,PHO,121,Box Score,,16004,
Wed Mar 27 2019,10:30p,LAL,100,UTA,115,Box Score,,18306,
Thu Mar 28 2019,7:00p,ORL,98,DET,115,Box Score,,18128,
Thu Mar 28 2019,7:00p,BRK,110,PHI,123,Box Score,,20547,
Thu Mar 28 2019,7:30p,DAL,99,MIA,105,Box Score,,19851,
Thu Mar 28 2019,7:30p,TOR,117,NYK,92,Box Score,,19812,
Thu Mar 28 2019,8:00p,DEN,85,HOU,112,Box Score,,18055,
Thu Mar 28 2019,8:00p,LAC,118,MIL,128,Box Score,,17922,
Thu Mar 28 2019,8:00p,SAC,118,NOP,121,Box Score,,13976,
Thu Mar 28 2019,8:30p,CLE,110,SAS,116,Box Score,,18756,
Fri Mar 29 2019,7:00p,IND,112,BOS,114,Box Score,,18624,
Fri Mar 29 2019,7:30p,POR,118,ATL,98,Box Score,,16182,
Fri Mar 29 2019,8:00p,GSW,130,MIN,131,Box Score,OT,18978,
Fri Mar 29 2019,8:00p,DEN,115,OKC,105,Box Score,,18203,
Fri Mar 29 2019,9:00p,WAS,124,UTA,128,Box Score,,18306,
Fri Mar 29 2019,10:30p,CHO,115,LAL,129,Box Score,,18997,
Sat Mar 30 2019,3:30p,CLE,108,LAC,132,Box Score,,16439,
Sat Mar 30 2019,6:00p,BOS,96,BRK,110,Box Score,,17732,
Sat Mar 30 2019,6:00p,SAC,108,HOU,119,Box Score,,18055,
Sat Mar 30 2019,7:00p,POR,90,DET,99,Box Score,,18592,
Sat Mar 30 2019,7:00p,ORL,121,IND,116,Box Score,,17923,
Sat Mar 30 2019,7:30p,MIA,100,NYK,92,Box Score,,19812,
Sat Mar 30 2019,8:00p,TOR,124,CHI,101,Box Score,,21238,
Sat Mar 30 2019,8:00p,PHI,118,MIN,109,Box Score,,18978,
Sat Mar 30 2019,10:00p,MEM,120,PHO,115,Box Score,,16647,
Sun Mar 31 2019,12:30p,MIL,135,ATL,136,Box Score,OT,16660,
Sun Mar 31 2019,3:30p,DAL,106,OKC,103,Box Score,,18203,
Sun Mar 31 2019,6:00p,LAL,130,NOP,102,Box Score,,18562,
Sun Mar 31 2019,7:00p,SAC,113,SAS,106,Box Score,,18407,
Sun Mar 31 2019,8:00p,WAS,95,DEN,90,Box Score,,17356,
Sun Mar 31 2019,8:30p,CHO,90,GSW,137,Box Score,,19596,
Sun Mar 31 2019,10:30p,MEM,96,LAC,113,Box Score,,16740,
Mon Apr 1 2019,7:00p,DET,102,IND,111,Box Score,,15760,
Mon Apr 1 2019,7:30p,MIA,105,BOS,110,Box Score,,18624,
Mon Apr 1 2019,7:30p,MIL,131,BRK,121,Box Score,,17732,
Mon Apr 1 2019,7:30p,CHI,105,NYK,113,Box Score,,18874,
Mon Apr 1 2019,7:30p,ORL,109,TOR,121,Box Score,,19800,
Mon Apr 1 2019,8:00p,POR,132,MIN,122,Box Score,,11209,
Mon Apr 1 2019,8:30p,PHI,102,DAL,122,Box Score,,19645,
Mon Apr 1 2019,9:00p,CHO,102,UTA,111,Box Score,,18306,
Mon Apr 1 2019,10:00p,CLE,113,PHO,122,Box Score,,14050,
Tue Apr 2 2019,8:00p,LAL,103,OKC,119,Box Score,,18203,
Tue Apr 2 2019,8:30p,ATL,111,SAS,117,Box Score,,18354,
Tue Apr 2 2019,10:00p,HOU,130,SAC,105,Box Score,,17583,
Tue Apr 2 2019,10:30p,DEN,102,GSW,116,Box Score,,19596,
Wed Apr 3 2019,7:00p,IND,108,DET,89,Box Score,,18984,
Wed Apr 3 2019,7:00p,NYK,100,ORL,114,Box Score,,18846,
Wed Apr 3 2019,7:00p,CHI,115,WAS,114,Box Score,,16616,
Wed Apr 3 2019,7:30p,PHI,122,ATL,130,Box Score,,16638,
Wed Apr 3 2019,7:30p,TOR,115,BRK,105,Box Score,,17732,
Wed Apr 3 2019,7:30p,BOS,112,MIA,102,Box Score,,19904,
Wed Apr 3 2019,8:00p,CHO,115,NOP,109,Box Score,,16844,
Wed Apr 3 2019,8:30p,MIN,110,DAL,108,Box Score,,19576,
Wed Apr 3 2019,9:00p,SAS,85,DEN,113,Box Score,,17643,
Wed Apr 3 2019,10:00p,UTA,118,PHO,97,Box Score,,15797,
Wed Apr 3 2019,10:00p,MEM,89,POR,116,Box Score,,19608,
Wed Apr 3 2019,10:30p,HOU,135,LAC,103,Box Score,,17593,
Thu Apr 4 2019,8:00p,MIL,128,PHI,122,Box Score,,20701,
Thu Apr 4 2019,10:00p,CLE,104,SAC,117,Box Score,,17583,
Thu Apr 4 2019,10:30p,GSW,108,LAL,90,Box Score,,18997,
Fri Apr 5 2019,7:00p,TOR,111,CHO,113,Box Score,,18684,
Fri Apr 5 2019,7:00p,ATL,113,ORL,149,Box Score,,18999,
Fri Apr 5 2019,7:00p,SAS,129,WAS,112,Box Score,,20409,
Fri Apr 5 2019,8:00p,NYK,96,HOU,120,Box Score,,18055,
Fri Apr 5 2019,8:00p,BOS,117,IND,97,Box Score,,17371,
Fri Apr 5 2019,8:00p,MIA,109,MIN,111,Box Score,,17763,
Fri Apr 5 2019,8:00p,DET,110,OKC,123,Box Score,,18203,
Fri Apr 5 2019,8:30p,MEM,122,DAL,112,Box Score,,20111,
Fri Apr 5 2019,9:00p,SAC,98,UTA,119,Box Score,,18306,
Fri Apr 5 2019,10:00p,NOP,126,PHO,133,Box Score,OT,16410,
Fri Apr 5 2019,10:30p,POR,110,DEN,119,Box Score,,19928,
Fri Apr 5 2019,10:30p,CLE,114,GSW,120,Box Score,,19596,
Fri Apr 5 2019,10:30p,LAL,122,LAC,117,Box Score,,17910,
Sat Apr 6 2019,5:00p,BRK,133,MIL,128,Box Score,,18116,
Sat Apr 6 2019,8:00p,PHI,116,CHI,96,Box Score,,21059,
Sun Apr 7 2019,12:00p,MIA,109,TOR,117,Box Score,OT,19800,
Sun Apr 7 2019,3:00p,SAS,112,CLE,90,Box Score,,19432,
Sun Apr 7 2019,3:30p,OKC,132,MIN,126,Box Score,,18978,
Sun Apr 7 2019,4:00p,CHO,104,DET,91,Box Score,,19871,
Sun Apr 7 2019,5:00p,BRK,108,IND,96,Box Score,,16197,
Sun Apr 7 2019,6:00p,DAL,129,MEM,127,Box Score,OT,16744,
Sun Apr 7 2019,7:00p,PHO,113,HOU,149,Box Score,,18055,
Sun Apr 7 2019,7:00p,ATL,107,MIL,115,Box Score,,17775,
Sun Apr 7 2019,7:30p,ORL,116,BOS,108,Box Score,,18624,
Sun Apr 7 2019,7:30p,WAS,110,NYK,113,Box Score,,19812,
Sun Apr 7 2019,8:30p,LAC,104,GSW,131,Box Score,,19596,
Sun Apr 7 2019,9:00p,DEN,108,POR,115,Box Score,,19890,
Sun Apr 7 2019,9:00p,NOP,133,SAC,129,Box Score,,17583,
Sun Apr 7 2019,9:30p,UTA,109,LAL,113,Box Score,,18997,
Tue Apr 9 2019,7:00p,CHO,124,CLE,97,Box Score,,19432,
Tue Apr 9 2019,7:00p,MEM,93,DET,100,Box Score,,19802,
Tue Apr 9 2019,7:00p,BOS,116,WAS,110,Box Score,,20409,
Tue Apr 9 2019,7:30p,PHI,99,MIA,122,Box Score,,20153,
Tue Apr 9 2019,8:00p,NYK,96,CHI,86,Box Score,,21350,
Tue Apr 9 2019,8:00p,TOR,120,MIN,100,Box Score,,16119,
Tue Apr 9 2019,8:00p,GSW,112,NOP,103,Box Score,,17090,
Tue Apr 9 2019,8:30p,PHO,109,DAL,120,Box Score,,21041,
Tue Apr 9 2019,9:00p,DEN,108,UTA,118,Box Score,,18306,
Tue Apr 9 2019,9:30p,HOU,111,OKC,112,Box Score,,18203,
Tue Apr 9 2019,10:30p,POR,104,LAL,101,Box Score,,18997,
Wed Apr 10 2019,8:00p,IND,135,ATL,134,Box Score,,17143,
Wed Apr 10 2019,8:00p,MIA,94,BRK,113,Box Score,,17732,
Wed Apr 10 2019,8:00p,ORL,122,CHO,114,Box Score,,17719,
Wed Apr 10 2019,8:00p,GSW,117,MEM,132,Box Score,,17794,
Wed Apr 10 2019,8:00p,OKC,127,MIL,116,Box Score,,18082,
Wed Apr 10 2019,8:00p,DET,115,NYK,89,Box Score,,19812,
Wed Apr 10 2019,8:00p,CHI,109,PHI,125,Box Score,,20197,
Wed Apr 10 2019,8:00p,DAL,94,SAS,105,Box Score,,18629,
Wed Apr 10 2019,10:30p,MIN,95,DEN,99,Box Score,,16332,
Wed Apr 10 2019,10:30p,UTA,137,LAC,143,Box Score,OT,17655,
Wed Apr 10 2019,10:30p,SAC,131,POR,136,Box Score,,19814,